;Comuna;AH;AMARILLOS;DEMOCRATAS;EVOPOLI;FA;FREVS;IGUALDAD;IND - CANDIDATURAS INDEPENDIENTES;PAVP;PCCH;PDC;PDG;PH;PL;POPULAR;PPD;PR;PS;PSC;PTR;REPUBLICANO;RN;UDI;Votos Blancos;Votos Nulos
0;CHILE CHICO;0.0;0.0;199.0;0.0;0.0;141.0;0.0;0;0.0;368.0;825.8;0.0;0.0;0.0;0.0;218.2;491.20000000000005;474.0;0.0;0.0;318.40000000000003;464.8;634.0;248;206
1;CURANILAHUE;0.0;36.800000000000004;719.0;0.0;720.6;286.0;0.0;0;0.0;7179.0;2077.0;288.0;0.0;0.0;0.0;2011.0;84.0;1553.0;570.4;0.0;4272.8;4335.4;4542.6;1527;2065
2;CALERA;0.0;0.0;380.8;0.0;2275.0;829.8;0.0;0;0.0;3200.0;3983.8;684.0;0.0;166.8;751.0;1203.8;1410.0;3838.0;1013.6;0.0;3052.0;4186.0;1379.2;3921;5215
3;MULCHEN;0.0;71.2;2011.0;314.0;1053.8;0.0;178.93333333333334;0;0.0;778.0;3595.8;1384.0;26.933333333333337;0.0;26.933333333333337;916.2;2117.8;454.4;379.8;0.0;4340.4;2561.8;1470.2;2620;2693
4;PROVIDENCIA;631.0;0.0;1046.0;11223.2;34168.0;1048.0;0.0;0;4859.0;9079.0;4702.0;1823.6000000000001;0.0;1632.0;0.0;6618.0;0.0;5922.0;2528.4;0.0;17772.2;13684.4;27581.0;7794;10181
5;QUINTA NORMAL;369.0;0.0;1226.0;3355.0;7736.2;1073.0;165.6;0;3023.4;5687.0;3333.2;1670.0;805.6;686.0;165.6;2312.0;3847.2000000000003;11761.4;1016.2;0.0;12191.8;9205.8;8318.8;7872;14249
6;NACIMIENTO;0.0;120.80000000000001;752.8;731.0;1799.2;0.0;146.2;313;0.0;330.0;2791.0;958.0;19.2;93.0;19.2;547.2;3242.6000000000004;706.0;1096.8;0.0;3260.2;837.4;3798.4;2307;1948
7;SAN JUAN DE LA COSTA;0.0;132.0;0.0;279.0;669.8;53.6;0.0;0;0.0;81.0;1509.0;360.8;0.0;53.6;0.0;114.0;271.2;1587.0;180.8;0.0;455.6;1455.8;983.6;588;727
8;PUCON;0.0;165.0;817.2;700.4;2888.8;324.6;0.0;621;0.0;1238.0;645.8;2142.4;0.0;464.6;0.0;789.8;956.6;489.0;786.6;0.0;3572.6000000000004;6597.0;1260.2;2634;2847
9;ERCILLA;0.0;0.0;314.0;472.0;291.2;739.0;0.0;630;0.0;0.0;170.4;0.0;0.0;135.0;0.0;382.0;493.20000000000005;682.0;83.2;0.0;563.8;1129.4;687.4;771;612
10;RECOLETA;570.0;0.0;6229.0;1948.0;5633.0;1595.0;202.13333333333333;0;3889.6000000000004;24149.0;4056.0;5294.0;1471.1333333333332;1143.0;202.13333333333333;2103.0;1609.6000000000001;5707.0;3810.8;0.0;11530.8;10978.4;8180.8;11384;18613
11;VIÑA DEL MAR;0.0;1569.2;2074.0;3980.0;27564.2;1881.2;1622.6666666666667;0;0.0;15403.6;8786.8;6456.0;1622.6666666666667;1472.2;3470.666666666667;7210.0;2325.2;7689.200000000001;7987.400000000001;0.0;43583.8;18765.800000000003;18950.6;24373;35625
12;PEÑAFLOR;439.0;0.0;1196.0;1040.0;4989.2;0.0;0.0;5859;2816.2;7756.4;7456.0;3557.0;0.0;581.0;0.0;758.0;4724.4;4542.0;740.0;0.0;7205.6;2108.8;11003.8;5908;7568
13;SAGRADA FAMILIA;0.0;117.8;634.6;661.0;1289.0;719.8;0.0;0;0.0;308.6;704.0;0.0;0.0;24.8;0.0;271.0;1738.8000000000002;903.4;1124.8000000000002;0.0;1681.6000000000001;2596.0;2981.0;1460;1163
14;SAN PEDRO DE LA PAZ;0.0;1840.2;2901.2;7716.4;6660.6;5518.4;0.0;0;0.0;4495.6;3231.0;1950.0;0.0;1234.4;0.0;3521.8;3034.2;5033.0;9009.2;0.0;14669.0;8273.4;5096.0;8580;13457
15;PRIMAVERA;0.0;0.0;0.0;0.0;0.0;0.0;0.0;272;0.0;34.0;43.0;0.0;0.0;0.0;0.0;144.0;102.4;102.4;0.0;0.0;50.0;88.0;0.0;37;36
16;CAMARONES;11.200000000000001;0.0;156.8;0.0;28.4;86.4;50.400000000000006;0;0.0;46.0;213.6;22.8;62.400000000000006;88.4;51.400000000000006;152.4;156.8;36.0;85.80000000000001;0.0;56.4;94.0;236.0;126;105
17;CALLE LARGA;0.0;0.0;143.0;0.0;739.2;625.2;0.0;201;0.0;456.0;490.20000000000005;104.0;0.0;374.20000000000005;297.0;129.6;0.0;1923.0;217.0;0.0;774.2;2207.0;504.8;727;1097
18;O'HIGGINS;0.0;0.0;0.0;0.0;0.0;0.0;0.0;0;0.0;0.0;218.0;0.0;0.0;0.0;0.0;9.0;0.0;96.6;0.0;0.0;0.0;219.8;148.6;13;7
19;COLLIPULLI;0.0;260.0;679.0;252.2;932.2;0.0;0.0;0;0.0;1503.0;227.60000000000002;0.0;0.0;0.0;0.0;1326.2;1062.8000000000002;2659.0;944.0;0.0;3319.2000000000003;3736.4;1733.6;1636;1800
20;TIMAUKEL;0.0;0.0;0.0;0.0;0.0;0.0;0.0;35;0.0;20.8;0.0;0.0;0.0;0.0;0.0;87.0;81.4;12.8;0.0;0.0;35.0;222.4;165.0;45;19
21;CHOLCHOL;0.0;309.0;504.0;1037.6;520.4000000000001;790.8;0.0;0;0.0;146.0;625.8;661.8;0.0;12.8;0.0;471.2;761.4;718.0;72.8;0.0;2214.6000000000004;724.0;2176.0;1135;932
22;PITRUFQUEN;0.0;530.0;364.4;163.2;1233.8000000000002;578.0;0.0;0;0.0;270.0;756.6;267.0;0.0;630.0;0.0;931.8;3672.6000000000004;654.0;126.4;0.0;1413.0;2750.4;7789.0;1845;2236
23;PELLUHUE;0.0;0.0;0.0;1264.0;0.0;0.0;0.0;0;0.0;171.0;1314.0;0.0;0.0;0.0;0.0;502.6;1339.2;288.8;96.0;0.0;1340.8000000000002;1283.4;728.4;439;421
24;CATEMU;0.0;0.0;0.0;0.0;1600.8000000000002;287.2;31.733333333333334;0;0.0;385.4;192.60000000000002;0.0;31.733333333333334;287.2;31.733333333333334;1779.0;288.0;346.8;140.0;0.0;736.0;2713.8;161.0;971;1064
25;LLAY-LLAY;0.0;0.0;0.0;0.0;910.4;0.0;60.800000000000004;182;0.0;1543.6;804.0;0.0;60.800000000000004;0.0;60.800000000000004;1087.4;1094.4;1881.0;257.0;0.0;3910.8;3125.8;461.4;1614;2122
26;CALBUCO;0.0;2499.0;0.0;248.4;812.6;670.4;0.0;0;0.0;1200.0;1178.0;480.2;0.0;921.4;0.0;713.0;1886.0;2820.8;0.0;0.0;4523.0;4067.2000000000003;2670.0;5019;3627
27;MARCHIGUE;0.0;0.0;0.0;196.0;612.0;26.400000000000002;0.0;0;0.0;94.0;110.4;39.2;0.0;26.400000000000002;0.0;400.0;790.4000000000001;864.0;0.0;0.0;755.2;763.2;3373.0;475;383
28;COLBUN;0.0;83.0;638.8;1472.0;1072.0;285.0;0.0;0;0.0;994.8;260.0;174.0;0.0;0.0;0.0;3188.0;488.0;869.2;1674.4;0.0;2059.2;2237.6000000000004;2014.0;1616;1437
29;CARAHUE;0.0;498.0;558.6;2086.4;460.6;306.6;0.0;0;0.0;186.0;3447.4;305.0;0.0;27.6;0.0;2935.0;96.0;781.0;135.20000000000002;0.0;1787.0;2695.2;6159.0;2272;1643
30;RIO NEGRO;0.0;0.0;0.0;630.0;183.2;59.6;0.0;0;0.0;100.0;872.0;141.4;0.0;59.6;0.0;1045.0;0.0;969.0;152.4;0.0;1314.4;2888.6000000000004;2999.2;832;1360
31;QUELLON;0.0;269.0;0.0;0.0;444.0;733.6;0.0;0;0.0;1564.0;1328.0;644.2;0.0;837.6;0.0;1937.0;0.0;1794.2;1115.4;0.0;2223.0;4124.0;4086.8;2220;1756
32;COLTAUCO;0.0;0.0;129.2;0.0;1015.0;736.6;0.0;0;0.0;589.2;676.8;307.0;0.0;13.600000000000001;0.0;1894.0;2727.6000000000004;1803.4;0.0;0.0;485.4;3574.2;3011.6;1484;1374
33;ALTO BIOBIO;0.0;183.6;121.6;161.6;186.2;231.0;75.66666666666667;0;0.0;96.0;186.8;323.6;6.666666666666667;122.0;6.666666666666667;249.4;595.2;165.6;633.6;0.0;367.6;450.20000000000005;283.4;1046;408
34;SAN FABIAN;0.0;18.400000000000002;444.0;89.0;43.0;18.8;0.0;177;0.0;110.0;451.0;0.0;0.0;18.8;0.0;851.4;619.2;216.0;0.0;0.0;210.0;372.6;1596.4;285;254
35;MOSTAZAL;0.0;0.0;281.6;0.0;1381.8;247.0;0.0;0;490.4;1123.4;734.8;606.0;0.0;40.0;0.0;973.6;2956.8;4343.6;0.0;0.0;2354.0;1771.8000000000002;2594.0;2013;2821
36;CURARREHUE;0.0;0.0;74.80000000000001;31.4;138.0;44.6;0.0;244;0.0;71.0;350.6;89.0;0.0;7.6000000000000005;0.0;661.4;32.0;509.0;32.800000000000004;0.0;818.4000000000001;2952.0;430.8;929;492
37;FREIRE;0.0;81.0;383.8;839.2;1064.4;808.4;0.0;0;0.0;699.0;1825.2;360.0;0.0;956.4;0.0;460.8;1902.6000000000001;1102.0;1948.6000000000001;0.0;1636.0;2123.0;2827.8;2785;2857
38;LO BARNECHEA;3130.0;0.0;394.0;10510.4;1436.0;391.0;0.0;0;1696.0;942.0;829.0;0.0;0.0;494.0;0.0;893.0;0.0;1130.0;1202.4;0.0;21105.6;15683.4;14829.0;4711;5993
39;LOTA;0.0;233.0;2481.6;1113.8;1337.6;336.2;0.0;0;0.0;4064.6;2539.0;2361.8;0.0;827.2;0.0;1480.6;2930.2;3697.0;2868.0;0.0;3285.2;5983.4;1398.2;3252;5109
40;CONCEPCION;0.0;3490.4;3384.8;3829.0;10722.4;5763.6;13442.666666666666;4429;0.0;10793.4;16423.0;3284.0;302.6666666666667;577.6;302.6666666666667;1362.0;4476.6;3982.0;19747.2;0.0;22537.8;9637.0;15881.0;15372;26944
41;MARIA PINTO;0.0;0.0;0.0;400.4;202.0;140.8;0.0;0;0.0;517.2;93.60000000000001;0.0;0.0;74.8;0.0;2536.6;1073.6000000000001;1016.0;0.0;0.0;1846.2;459.20000000000005;3474.8;943;1036
42;NAVIDAD;0.0;198.0;279.0;181.0;1917.0;921.8;0.0;964;112.2;972.0;412.4;91.2;0.0;52.800000000000004;0.0;318.0;470.40000000000003;471.0;0.0;0.0;0.0;804.8;1145.0;573;551
43;MARIA ELENA;0.0;0.0;0.0;0.0;48.0;220.0;0.0;0;0.0;58.400000000000006;66.4;208.0;0.0;168.0;0.0;32.0;109.60000000000001;295.6;0.0;0.0;29.6;928.2;565.0;250;341
44;RIO BUENO;0.0;1710.0;0.0;176.0;0.0;0.0;0.0;0;0.0;0.0;3039.0;0.0;0.0;0.0;0.0;6128.0;0.0;4222.6;550.8;0.0;3654.6;5039.200000000001;1972.4;1944;3027
45;CALDERA;0.0;189.8;58.0;0.0;279.8;645.8;147.53333333333336;0;0.0;1048.2;187.0;225.0;92.53333333333335;134.8;478.53333333333336;817.2;683.6;655.0;116.0;0.0;738.0;2170.2;1355.8000000000002;1055;1390
46;YUMBEL;0.0;108.80000000000001;2404.0;667.6;1093.4;1980.0;114.46666666666667;0;0.0;521.0;1726.8;182.0;15.466666666666669;0.0;15.466666666666669;821.0;1229.4;1913.2;195.0;0.0;2262.8;3764.0;411.4;1787;1873
47;LAGO RANCO;0.0;0.0;0.0;0.0;0.0;0.0;0.0;0;0.0;236.0;1149.0;0.0;0.0;0.0;0.0;683.0;0.0;1856.2;0.0;0.0;1095.4;2271.6000000000004;1916.6000000000001;723;753
48;CHIMBARONGO;0.0;0.0;347.6;398.0;2832.0;916.8;0.0;0;0.0;715.0;1565.0;384.0;0.0;158.8;0.0;232.0;3588.6;2356.8;318.0;0.0;3059.8;8449.8;4553.2;2324;3163
49;CARTAGENA;0.0;0.0;180.0;0.0;1716.0;28.8;69.86666666666667;0;0.0;921.6;1184.0;464.0;69.86666666666667;193.8;192.86666666666667;1021.4;1841.8;497.6;562.2;0.0;1477.4;2100.6;1587.2;1635;2627
50;NUEVA IMPERIAL;0.0;1238.0;449.0;209.60000000000002;1912.4;692.6;0.0;1909;0.0;297.0;1320.6;397.0;0.0;1139.6;0.0;2482.2;1431.2;1204.0;1765.6000000000001;0.0;2227.6;3231.2;5959.0;2560;2446
51;CURICO;0.0;1621.2;4395.8;3066.0;7061.6;5229.4;0.0;1396;2563.2000000000003;3546.4;8436.0;2365.2;0.0;520.4;0.0;2810.0;10741.8;6426.4;4401.8;0.0;10452.2;8030.4;16182.0;11886;18042
52;SAN PEDRO;0.0;0.0;237.0;92.0;272.0;538.0;0.0;1673;256.8;218.4;73.60000000000001;0.0;0.0;338.0;0.0;1309.4;449.40000000000003;535.0;0.0;0.0;710.6;715.8;1852.0;873;630
53;QUEMCHI;0.0;0.0;0.0;0.0;656.0;40.400000000000006;0.0;0;0.0;200.0;578.0;730.6;0.0;40.400000000000006;0.0;173.0;0.0;421.6;84.0;0.0;1360.6;1190.8;1188.2;1114;553
54;CAUQUENES;0.0;0.0;455.0;0.0;2498.0;0.0;0.0;498;0.0;757.0;2782.0;0.0;0.0;0.0;0.0;1546.2;2757.2;2499.2;616.6;0.0;4426.0;10807.4;5786.6;1869;2187
55;RENGO;0.0;0.0;2322.4;739.0;6245.8;1809.0;0.0;0;1015.6;1934.6;2036.6;2204.4;0.0;44.0;0.0;6687.200000000001;1966.2;1667.2;0.0;0.0;5632.4;8377.400000000001;874.4000000000001;4673;6058
56;LAGUNA BLANCA;0.0;0.0;0.0;90.6;24.0;0.0;0.0;236;0.0;6.0;21.0;0.0;0.0;0.0;0.0;94.2;6.6000000000000005;159.0;8.600000000000001;0.0;17.0;23.200000000000003;108.0;51;38
57;SAN PABLO;0.0;358.0;0.0;0.0;380.6;61.6;0.0;0;0.0;187.0;904.0;174.6;0.0;61.6;0.0;918.0;560.0;1092.0;296.4;0.0;948.6;1488.8000000000002;1498.4;917;953
58;PURRANQUE;0.0;0.0;0.0;0.0;1025.6;98.4;0.0;388;0.0;247.0;3528.0;663.0;0.0;98.4;0.0;58.0;328.0;1366.0;636.4;0.0;3394.2;1385.8000000000002;1427.2;1826;1899
59;PAILLACO;0.0;0.0;0.0;291.4;1561.8;1056.0;0.0;0;0.0;2754.6;1276.6;194.0;0.0;0.0;0.0;243.0;718.8000000000001;3369.0;0.0;0.0;2234.8;3577.0;474.8;1810;1505
60;SANTA MARIA;0.0;0.0;0.0;0.0;476.20000000000005;0.0;43.73333333333334;0;0.0;486.0;449.6;0.0;43.73333333333334;0.0;43.73333333333334;1398.4;398.6;548.0;149.0;0.0;854.0;2368.8;1363.8000000000002;1252;1261
61;LOS VILOS;0.0;0.0;311.6;0.0;1870.8;0.0;0.0;0;0.0;2906.8;1544.8000000000002;235.0;0.0;0.0;0.0;683.2;699.2;1122.8000000000002;0.0;0.0;834.0;2293.2;1028.4;1299;1445
62;FUTRONO;0.0;0.0;0.0;286.0;166.0;0.0;0.0;486;0.0;0.0;581.0;227.0;0.0;0.0;0.0;3077.0;1063.8;1188.6;0.0;0.0;1103.8;1820.2;3394.8;1093;1128
63;LA CRUZ;0.0;337.6;0.0;0.0;846.2;315.0;0.0;0;0.0;699.2;580.6;266.0;0.0;78.0;147.0;546.6;376.6;2451.0;788.0;0.0;2152.4;1924.6;1444.4;1349;1828
64;PUYEHUE;0.0;0.0;0.0;0.0;647.2;76.80000000000001;0.0;1034;0.0;721.0;1733.0;538.4000000000001;0.0;76.80000000000001;0.0;208.0;0.0;1804.0;225.4;0.0;863.2;1466.0;1579.8;1301;1083
65;VITACURA;550.0;0.0;490.0;14336.0;935.0;816.0;0.0;0;1199.0;1391.0;2539.0;0.0;0.0;265.0;0.0;669.4;0.0;765.0;1015.2;0.0;18632.0;13860.4;12436.0;3395;4102
66;RIO CLARO;54.8;499.4;416.0;925.0;133.0;59.0;0.0;0;0.0;232.0;193.6;160.0;0.0;0.0;0.0;70.0;1252.2;334.0;371.4;0.0;1307.2;4267.4;957.4;1187;1161
67;COLCHANE;0.0;0.0;563.2;5.6000000000000005;8.0;104.0;0.0;0;0.0;7.0;188.8;102.0;0.0;88.0;0.0;0.0;28.0;13.6;12.0;0.0;93.80000000000001;350.0;114.60000000000001;51;58
68;QUILLECO;0.0;21.6;464.0;67.2;1097.2;0.0;61.333333333333336;0;0.0;60.0;1987.4;104.0;9.333333333333334;0.0;9.333333333333334;227.2;807.0;594.6;255.2;0.0;1349.8000000000002;980.8000000000001;703.0;842;742
69;LOS MUERMOS;0.0;262.0;0.0;107.80000000000001;284.0;73.0;0.0;4054;0.0;430.0;683.0;231.60000000000002;0.0;82.0;0.0;567.0;0.0;504.0;0.0;0.0;1033.0;2243.6000000000004;3879.8;2979;1667
70;VILLA ALEMANA;0.0;1361.2;0.0;677.4000000000001;6539.4;1208.0;1006.1333333333333;3118;0.0;5123.4;3287.2;2168.6;1006.1333333333333;1208.0;2001.1333333333332;1780.4;2772.8;2253.2;2074.6;0.0;17386.0;9365.0;4116.200000000001;8138;17102
71;LOS ALAMOS;0.0;98.80000000000001;3901.4;0.0;530.4000000000001;130.0;0.0;0;0.0;1315.0;786.0;197.0;0.0;0.0;0.0;125.0;555.2;1706.6;1107.4;0.0;2677.6;3412.0;1730.0;1200;1210
72;GUAITECAS;0.0;0.0;111.0;73.0;0.0;0.0;0.0;0;0.0;31.6;9.0;0.0;0.0;0.0;0.0;242.60000000000002;105.4;11.4;0.0;0.0;110.0;358.40000000000003;121.0;87;30
73;VALPARAISO;0.0;801.6;1732.2;1698.8000000000002;24502.6;4625.2;1395.7333333333333;0;0.0;16426.4;3419.0;10744.0;1395.7333333333333;4625.2;4598.733333333334;8688.4;3747.2000000000003;5354.0;5432.8;0.0;33344.0;11708.0;10121.2;22330;41089
74;CHIGUAYANTE;0.0;646.6;5518.4;492.0;2668.4;3813.6;1127.3333333333333;1132;0.0;3516.2;2518.0;3126.2;73.33333333333333;1010.6;73.33333333333333;1194.0;2253.8;7072.0;4389.4;0.0;8401.6;3520.4;4262.8;5562;9426
75;LOLOL;0.0;537.0;156.4;61.6;407.0;341.6;0.0;691;0.0;391.0;492.0;422.0;0.0;55.6;0.0;398.0;649.4000000000001;588.8;71.0;0.0;404.20000000000005;1164.6;641.0;921;398
76;SALAMANCA;0.0;0.0;0.0;449.6;1009.4000000000001;0.0;0.0;237;0.0;1197.4;1301.4;1695.0;0.0;0.0;0.0;3356.0;602.8000000000001;944.8000000000001;0.0;0.0;819.0;3666.0;1627.2;1539;1555
77;VICHUQUEN;0.0;8.8;228.0;73.2;35.6;19.4;0.0;0;0.0;16.0;137.0;0.0;0.0;4.4;0.0;290.0;664.4000000000001;411.4;13.8;0.0;270.8;1746.0;833.0;285;218
78;RIO HURTADO;0.0;72.8;350.40000000000003;0.0;0.0;25.6;0.0;0;0.0;219.8;318.2;81.0;0.0;25.6;0.0;63.2;137.2;220.0;83.0;0.0;420.6;548.6;733.2;411;269
79;LA REINA;2606.0;0.0;0.0;5699.6;8197.0;1017.0;0.0;0;3013.0;4108.0;3227.0;0.0;880.0;533.0;0.0;2298.4;1583.2;5790.0;1299.2;0.0;14130.4;8258.8;13747.0;5706;7090
80;LA CISTERNA;2474.0;0.0;1145.0;876.0;4186.4;1413.4;250.66666666666666;0;2973.4;4494.0;1602.6;0.0;250.66666666666666;300.40000000000003;250.66666666666666;2248.4;2469.4;3592.2;1639.8000000000002;0.0;7659.6;10100.6;2580.8;5723;10131
81;REQUINOA;0.0;0.0;891.4;0.0;355.0;612.0;0.0;217;0.0;847.6;991.0;745.0;0.0;28.0;0.0;1881.8;1519.4;2018.2;0.0;0.0;2943.6000000000004;4230.2;5096.0;2264;2714
82;TENO;336.0;137.6;741.8;1540.4;313.20000000000005;1455.2;0.0;0;0.0;406.8;3442.0;0.0;0.0;41.2;0.0;717.0;3559.6000000000004;344.0;248.2;0.0;4741.200000000001;2517.2;2806.0;2355;2597
83;QUIRIHUE;0.0;41.0;0.0;233.0;0.0;677.2;0.0;969;201.60000000000002;100.0;1223.0;82.0;0.0;5.2;0.0;18.400000000000002;2582.2;733.6;55.2;0.0;87.0;887.0;1910.2;592;485
84;CERRILLOS;243.0;0.0;0.0;287.0;4269.8;735.8000000000001;305.8666666666667;0;3102.8;3055.0;2016.4;3605.0;305.8666666666667;1224.8000000000002;305.8666666666667;1201.0;3054.6;1175.0;456.0;0.0;7186.0;6300.4;2302.6;5332;8951
85;PERQUENCO;0.0;0.0;959.4;44.400000000000006;518.0;61.0;0.0;0;0.0;65.0;251.2;346.0;0.0;10.0;0.0;889.8;382.20000000000005;325.0;188.0;0.0;508.40000000000003;1014.2;388.2;855;696
86;ARAUCO;0.0;356.8;1095.4;0.0;3317.8;1111.0;0.0;1707;0.0;1209.0;1008.0;1246.2;0.0;219.0;0.0;601.0;2413.4;2640.4;660.2;0.0;3839.0;4290.6;4000.4;2632;2733
87;CONTULMO;0.0;16.0;383.8;90.0;315.4;89.0;0.0;0;0.0;236.0;250.0;60.0;0.0;0.0;0.0;126.0;541.4000000000001;211.4;252.4;0.0;1235.4;607.8;511.4;510;288
88;HUECHURABA;242.0;0.0;2114.4;2589.4;5307.6;2028.2;0.0;0;969.0;5696.6;1667.8;2743.4;880.0;845.2;0.0;4677.0;477.6;2518.0;744.0;0.0;7753.0;6762.6;4184.8;6359;8833
89;PEMUCO;0.0;56.4;190.8;43.0;154.0;27.8;0.0;0;53.6;72.0;1171.4;107.0;0.0;39.8;0.0;64.4;63.400000000000006;622.4;502.0;0.0;304.0;1916.4;1681.0;1001;613
90;CHILLAN;0.0;2659.2;4502.6;2760.0;6983.0;778.8;0.0;0;5813.4;5374.4;3997.6000000000004;5426.8;0.0;3981.8;0.0;7646.8;7540.8;11056.8;7501.2;0.0;17320.8;8860.0;20025.0;16459;19977
91;PELARCO;60.6;128.0;178.4;490.8;122.0;45.0;0.0;0;0.0;197.2;1245.6;299.4;0.0;0.0;0.0;397.0;797.8000000000001;75.6;99.0;0.0;1330.6;1900.0;1457.0;785;905
92;TEODORO SCHMIDT;0.0;568.0;490.20000000000005;564.6;226.4;907.6;0.0;0;0.0;301.0;562.0;146.0;0.0;13.600000000000001;0.0;1069.8;1567.2;120.0;61.6;0.0;1800.2;2378.6;2412.6;1424;960
93;TREHUACO;0.0;46.0;0.0;84.0;254.0;606.6;0.0;749;0.0;0.0;693.0;115.0;0.0;222.6;0.0;253.60000000000002;909.2;250.6;72.4;0.0;85.0;569.8;1287.6;385;224
94;SANTA JUANA;0.0;30.400000000000002;305.4;106.8;254.0;2077.6;0.0;0;0.0;238.8;639.0;263.0;0.0;31.6;0.0;420.4;289.4;469.0;2879.4;0.0;805.0;1362.8;2064.6;1617;1240
95;LA ESTRELLA;0.0;0.0;0.0;177.0;190.0;24.0;0.0;401;0.0;123.0;210.0;35.2;0.0;24.0;0.0;125.0;656.0;38.0;0.0;0.0;94.0;520.2;1584.0;280;241
96;ÑUÑOA;2433.0;0.0;3068.0;7977.4;61882.0;2674.0;0.0;2827;7325.2;23604.0;5041.0;0.0;0.0;1575.0;0.0;3727.2;2325.0;10643.0;2968.8;0.0;20704.8;25232.2;16616.0;13563;17804
97;SAN FERNANDO;0.0;79.0;2845.2;1637.2;2273.0;4058.4;0.0;3110;1885.0;4012.0;2379.0;739.0;0.0;1062.4;0.0;654.0;2991.0;5012.0;1871.4;0.0;5682.4;5783.6;6183.2;5521;9146
98;MELIPILLA;0.0;0.0;1136.0;3807.0;12222.0;5374.0;0.0;1783;0.0;4675.0;2074.8;3018.0;860.0;1054.0;0.0;8739.2;3126.0;4268.0;2838.6;0.0;12634.6;7815.0;12454.8;9649;11813
99;EL QUISCO;0.0;0.0;115.0;0.0;1215.2;0.0;65.86666666666667;278;0.0;2213.0;586.4000000000001;258.0;65.86666666666667;0.0;166.86666666666667;282.0;934.4000000000001;702.2;137.8;0.0;1617.0;1350.8;1942.6000000000001;990;1558
100;GENERAL LAGOS;0.0;0.0;55.2;0.0;6.0;14.0;1.0666666666666667;0;0.0;0.0;103.4;96.6;1.0666666666666667;14.0;1.0666666666666667;56.0;0.0;4.0;0.0;0.0;73.60000000000001;201.0;133.6;17;33
101;PEÑALOLEN;6535.8;0.0;1926.0;5069.8;24108.0;4373.8;1426.3999999999999;3006;5878.8;7534.0;9282.0;1630.0;4498.4;1137.8;1426.3999999999999;8413.4;3534.2000000000003;8112.0;2788.0;0.0;18133.8;20022.0;9256.0;16764;26022
102;QUINTERO;0.0;0.0;2137.8;899.0;1436.6;202.8;257.3333333333333;0;0.0;782.0;922.4000000000001;1042.4;257.3333333333333;202.8;257.3333333333333;1781.0;1629.6000000000001;591.0;307.6;0.0;2701.2;1634.2;1000.6;2196;3078
103;MONTE PATRIA;0.0;237.60000000000002;655.2;0.0;958.4000000000001;1264.8000000000002;0.0;0;0.0;1712.8;1881.4;1158.2;0.0;1264.8000000000002;0.0;798.0;2412.4;1199.4;255.0;0.0;1241.4;637.0;2237.4;2593;1775
104;PENCAHUE;45.4;67.2;106.80000000000001;497.8;130.0;297.0;0.0;0;0.0;71.6;1144.6;251.4;0.0;0.0;0.0;988.4;1352.0;163.8;121.0;0.0;1574.4;1197.6;1568.6;976;851
105;LAMPA;0.0;0.0;1090.0;2008.0;5131.4;715.0;626.9333333333334;0;840.0;4633.0;5483.0;3462.2;626.9333333333334;2904.0;626.9333333333334;806.6;4131.6;4857.0;0.0;0.0;15562.2;6527.2;3652.8;5856;8681
106;PANQUEHUE;0.0;0.0;0.0;0.0;372.20000000000005;62.800000000000004;20.533333333333335;167;0.0;122.0;206.4;0.0;20.533333333333335;62.800000000000004;20.533333333333335;791.4000000000001;407.20000000000005;502.0;100.0;0.0;677.0;752.0;776.6;568;492
107;NANCAGUA;0.0;0.0;228.60000000000002;135.20000000000002;191.0;443.4;0.0;165;554.4;359.0;1632.0;291.0;0.0;158.4;0.0;1694.0;1519.4;1994.0;171.0;0.0;2054.6;1402.6;1775.2;1416;1279
108;PUENTE ALTO;3269.0;0.0;14381.0;7098.0;29007.8;3438.4;955.4666666666667;9897;21950.4;44553.4;2583.0;15998.6;15293.466666666667;10345.4;955.4666666666667;7514.0;2598.2;15229.0;17556.0;0.0;34859.0;46696.0;12962.0;39046;58361
109;RENCA;386.0;0.0;5587.8;689.0;11992.0;2776.8;0.0;0;1575.2;9104.0;3164.0;2143.0;1386.0;676.8;0.0;4296.0;7444.8;6590.0;3852.8;0.0;11225.4;6040.4;10684.6;10526;16551
110;COELEMU;0.0;1196.0;0.0;631.0;0.0;156.4;0.0;915;0.0;671.0;1017.0;155.0;0.0;16.400000000000002;0.0;1284.4;2648.6;552.0;192.2;0.0;963.2;2103.2;1734.2;994;978
111;CHEPICA;0.0;0.0;249.0;253.60000000000002;127.0;234.0;0.0;0;0.0;485.0;387.0;382.0;0.0;66.0;0.0;90.0;1220.0;2391.8;349.6;0.0;1874.8;1051.2;3764.6;1533;1160
112;ANCUD;0.0;772.0;0.0;0.0;1843.0;1882.0;0.0;0;0.0;1274.6;2457.0;0.0;0.0;2295.0;0.0;2104.0;1423.2;3732.8;2128.6000000000004;0.0;4097.8;3921.8;3899.8;3941;4003
113;MEJILLONES;61.6;0.0;97.60000000000001;63.2;193.0;176.2;0.0;0;0.0;770.2;612.8;182.0;242.0;125.2;0.0;1328.8;89.0;397.8;160.8;0.0;565.4;1023.8000000000001;93.0;920;1152
114;LAUTARO;0.0;1478.0;2853.8;459.8;1050.0;150.6;0.0;0;0.0;507.0;1820.4;1914.6000000000001;0.0;891.6;0.0;1906.6000000000001;1953.8000000000002;1065.0;1616.4;0.0;3484.8;4769.6;2943.0;3449;3743
115;PUCHUNCAVI;0.0;0.0;291.0;422.40000000000003;2323.0;232.60000000000002;127.46666666666668;0;0.0;587.0;992.2;454.0;127.46666666666668;175.60000000000002;127.46666666666668;636.4000000000001;542.8;669.8;238.4;0.0;1792.0;1541.4;1516.0;1767;2533
116;EL TABO;0.0;0.0;0.0;88.80000000000001;987.2;88.80000000000001;62.666666666666664;0;0.0;708.0;887.2;475.0;62.666666666666664;88.80000000000001;183.66666666666666;419.0;1234.8;1177.2;170.0;0.0;1916.0;1595.0;1561.2;868;1774
117;PUQUELDON;0.0;0.0;0.0;0.0;78.0;276.4;0.0;0;0.0;79.2;223.0;0.0;0.0;14.4;0.0;231.0;0.0;383.8;37.0;0.0;948.4;723.2;401.20000000000005;556;287
118;PUERTO MONTT;0.0;6045.0;0.0;2772.6;16608.8;4830.2;0.0;0;0.0;5432.0;7301.0;8006.4;0.0;7632.2;0.0;7784.0;3488.0;13752.0;5306.4;0.0;26211.4;25840.8;18943.4;23415;29045
119;VILLARRICA;0.0;1907.0;582.4000000000001;641.8;3748.2;452.6;0.0;2794;0.0;3438.0;1950.0;1052.0;0.0;432.6;0.0;3144.2;3271.4;862.0;1518.6000000000001;0.0;5492.0;8724.2;6676.4;5913;6261
120;SAN FELIPE;0.0;319.20000000000005;1216.2;353.6;4037.4;891.2;168.8;1141;0.0;2699.0;996.8000000000001;470.0;168.8;891.2;168.8;2823.2;2952.0;2617.0;1716.0;0.0;4939.0;7285.6;2069.0;4859;7322
121;SAAVEDRA;0.0;919.0;169.8;76.2;1666.8000000000002;278.0;0.0;150;0.0;531.0;297.0;127.0;0.0;16.0;0.0;641.0;1210.0;498.0;456.8;0.0;170.0;1622.0;2235.2;1377;849
122;CODEGUA;0.0;0.0;1035.8;0.0;905.6;121.0;0.0;0;84.80000000000001;375.0;351.2;344.0;0.0;14.0;0.0;2216.2;1690.0;991.0;127.2;0.0;1612.4;991.6;1342.8;1171;1198
123;PORTEZUELO;0.0;93.0;67.0;46.0;0.0;144.4;0.0;300;0.0;59.0;688.4000000000001;77.0;0.0;4.4;0.0;181.6;962.8000000000001;223.2;90.6;0.0;145.0;680.0;1621.4;454;264
124;ISLA DE MAIPO;0.0;0.0;161.0;1879.8000000000002;3224.0;0.0;0.0;0;1136.6;985.8;1145.4;501.0;0.0;199.0;0.0;64.0;791.2;2953.0;0.0;0.0;2653.0;2100.0;4617.0;2102;2734
125;CAÑETE;0.0;50.400000000000006;483.6;0.0;1037.2;183.0;0.0;0;0.0;1552.0;1236.0;311.0;0.0;0.0;0.0;0.0;1617.2;2318.4;1015.8000000000001;0.0;2594.8;6041.0;7773.6;2131;2525
126;ANTOFAGASTA;2386.0;0.0;5360.6;9273.2;13245.0;8598.4;0.0;0;0.0;14360.0;6315.4;12904.4;0.0;3786.4;0.0;4126.6;10250.400000000001;7781.2;9313.8;0.0;26535.0;13854.0;9823.4;30419;44556
127;CORRAL;0.0;0.0;0.0;59.2;691.0;352.0;0.0;708;0.0;61.400000000000006;362.4;62.0;0.0;0.0;0.0;404.8;372.6;1627.0;0.0;0.0;213.0;368.4;216.8;455;452
128;MELIPEUCO;0.0;0.0;249.0;268.20000000000005;123.2;60.0;0.0;75;0.0;76.0;427.0;83.0;0.0;279.0;0.0;885.8;730.0;88.0;50.400000000000006;0.0;439.0;578.4;1112.4;930;553
129;QUILPUE;0.0;2242.8;544.8000000000001;0.0;12859.0;1533.6000000000001;1422.1333333333334;0;0.0;4401.0;4537.4;1894.0;1422.1333333333334;1533.6000000000001;1422.1333333333334;1792.0;5192.8;4229.0;3021.8;0.0;20235.4;13061.8;4400.4;10753;20675
130;CALAMA;1691.4;0.0;6398.0;3687.2;645.0;9853.6;918.6666666666666;0;0.0;3154.6;5511.2;6967.4;578.6666666666666;1367.6000000000001;487.6666666666667;1015.2;5013.4;4390.2;3364.6;0.0;9877.4;5699.6;3316.4;10392;17916
131;LOS SAUCES;0.0;0.0;298.0;390.8;96.4;0.0;0.0;0;0.0;0.0;525.4;499.40000000000003;0.0;0.0;0.0;285.4;498.40000000000003;45.0;144.0;0.0;484.0;1038.0;1722.4;598;479
132;PERALILLO;0.0;0.0;158.8;707.0;117.0;420.8;0.0;0;0.0;348.0;810.0;159.0;0.0;38.800000000000004;0.0;327.0;1002.2;1700.0;98.0;0.0;2129.4;1158.0;1182.8;1002;744
133;PICA;0.0;0.0;112.80000000000001;22.400000000000002;170.6;22.8;0.0;0;0.0;60.0;767.2;659.4;0.0;2.8000000000000003;0.0;204.8;77.60000000000001;130.0;48.0;0.0;355.4;1278.4;430.6;244;271
134;LA HIGUERA;103.4;37.2;176.4;28.200000000000003;149.2;18.4;27.733333333333334;106;0.0;293.6;197.2;58.6;27.733333333333334;12.4;27.733333333333334;60.800000000000004;10.0;648.6;35.0;0.0;125.0;379.0;1192.8;469;382
135;FLORIDA;0.0;624.2;562.4;792.0;258.8;110.8;176.73333333333335;140;0.0;207.6;284.0;1109.4;11.733333333333334;30.8;11.733333333333334;0.0;935.6;948.0;681.0;0.0;615.8;976.2;1352.8;1163;1179
136;LAS CABRAS;0.0;0.0;1312.4;0.0;706.0;557.2;0.0;494;0.0;707.0;1276.2;472.0;0.0;19.200000000000003;0.0;1138.0;2045.4;6955.0;0.0;0.0;2267.6;1496.2;2812.8;2228;1986
137;RETIRO;0.0;0.0;125.60000000000001;0.0;320.0;0.0;0.0;1576;0.0;780.0;2435.0;172.0;0.0;0.0;0.0;913.2;0.0;469.0;176.0;0.0;1071.8;6392.8;3068.4;1487;1599
138;YERBAS BUENAS;0.0;0.0;464.20000000000005;222.0;333.0;101.0;0.0;0;0.0;583.4;1689.0;155.0;0.0;0.0;0.0;1945.6;624.8000000000001;999.4;409.6;0.0;1726.0;2091.6;4508.2;1205;1573
139;PANGUIPULLI;0.0;0.0;0.0;524.2;1715.4;152.0;0.0;0;0.0;955.2;645.0;1080.0;0.0;0.0;0.0;1025.6;3076.2;4133.0;0.0;0.0;3444.8;6688.6;3234.4;3547;3785
140;LOS ANGELES;0.0;847.8;13647.2;1679.0;3979.4;616.0;4576.533333333334;0;0.0;4369.0;12838.6;9042.0;164.53333333333333;2804.0;164.53333333333333;3792.6;12775.2;4068.8;7515.4;0.0;25144.2;15018.0;18975.2;15811;22541
141;PUNITAQUI;0.0;212.0;1095.8;238.4;377.20000000000005;257.4;0.0;0;0.0;576.0;694.2;437.6;0.0;98.4;0.0;427.8;224.20000000000002;438.6;257.0;0.0;467.0;637.2;753.8000000000001;1010;983
142;TORRES DEL PAINE;0.0;0.0;0.0;154.0;76.0;0.0;0.0;310;0.0;0.0;184.0;56.0;0.0;0.0;0.0;0.0;20.0;101.2;0.0;0.0;77.8;93.60000000000001;269.6;65;33
143;TEMUCO;0.0;8788.2;5033.0;3803.6;16769.4;7447.2;0.0;5946;0.0;3821.8;8023.4;9552.0;0.0;3821.2;0.0;12257.8;7816.400000000001;14563.0;12137.8;0.0;31676.6;28765.6;9429.4;19767;28826
144;PAREDONES;0.0;0.0;578.0;128.0;319.0;438.2;0.0;0;0.0;168.0;663.8;38.400000000000006;0.0;75.2;0.0;272.0;831.2;197.0;303.2;0.0;472.20000000000005;1119.4;1853.0;686;299
145;VILLA ALEGRE;0.0;0.0;71.2;0.0;875.0;829.0;0.0;0;0.0;619.0;866.0;537.8;0.0;0.0;0.0;1313.2;727.6;1022.4;101.60000000000001;0.0;892.6;2572.0;3246.0;1001;1336
146;SANTIAGO;1882.0;0.0;5541.0;6707.0;33305.4;2948.0;426.9333333333334;0;9570.2;39044.0;7227.4;8673.2;5003.933333333333;4419.0;426.9333333333334;3040.0;3007.8;8638.2;5430.200000000001;0.0;33283.8;39756.4;16926.8;22358;38218
147;CHANCO;0.0;0.0;0.0;0.0;0.0;67.0;0.0;626;0.0;130.0;1166.0;0.0;0.0;0.0;0.0;621.8;2095.4;154.0;111.0;0.0;795.4;1982.6;714.8;705;401
148;GORBEA;0.0;127.0;1175.2;63.6;159.2;109.2;0.0;0;0.0;126.0;1217.4;217.0;0.0;162.2;0.0;94.4;1397.8000000000002;746.0;64.8;0.0;3067.2;1787.8000000000002;2381.2;1169;1010
149;PUDAHUEL;1985.0;0.0;7635.2;932.0;11310.0;4670.2;0.0;2735;5255.200000000001;18158.0;4109.0;3341.0;8839.0;896.2;0.0;6559.0;5302.400000000001;14988.0;4297.0;0.0;23912.6;11386.6;8397.8;16988;23291
150;SAN RAMON;358.0;0.0;3291.0;882.6;7034.6;1643.8;238.4;0;2731.6;5949.0;4553.0;0.0;2914.4;302.8;238.4;2219.8;2912.0;4660.2;2891.8;0.0;8147.200000000001;5640.4;2299.8;7494;10345
151;CONCON;0.0;187.0;391.0;2867.8;3035.4;308.0;252.80000000000004;0;0.0;1300.0;2119.6;534.0;252.80000000000004;0.0;252.80000000000004;1016.0;2339.8;841.0;1179.8000000000002;0.0;7983.6;4277.0;3238.8;3151;3812
152;MACUL;1945.0;0.0;0.0;724.2;10559.0;4173.6;597.3333333333334;0;7171.0;10483.0;4976.0;0.0;597.3333333333334;1900.6;597.3333333333334;3484.8;2005.6;5070.0;0.0;0.0;15941.0;7540.2;6849.0;7058;12144
153;SAN IGNACIO;0.0;136.8;96.2;79.0;1536.0;58.0;0.0;322;430.40000000000003;232.60000000000002;356.20000000000005;269.0;0.0;84.0;0.0;1006.6;1242.0;558.0;345.0;0.0;1050.4;936.6;5620.0;1515;1471
154;QUILLON;0.0;145.6;1686.6;74.0;724.0;64.80000000000001;0.0;169;214.4;497.0;1463.8;250.0;0.0;223.8;0.0;797.2;1001.6;526.0;293.8;0.0;2839.0;2741.2;974.0;1844;1698
155;PUTRE;0.0;0.0;608.0;0.0;105.0;46.400000000000006;7.733333333333334;0;0.0;0.0;94.8;49.0;164.73333333333335;46.400000000000006;7.733333333333334;266.6;0.0;115.2;0.0;0.0;76.2;470.0;594.4;65;88
156;SANTO DOMINGO;0.0;0.0;0.0;609.0;559.8;0.0;21.599999999999998;0;0.0;107.0;2384.8;127.0;21.599999999999998;0.0;60.599999999999994;0.0;1546.0;166.8;246.4;0.0;1810.8;1793.8000000000002;964.8000000000001;799;814
157;BULNES;0.0;244.0;103.2;79.0;494.0;57.0;0.0;0;154.4;1306.0;1451.2;228.0;0.0;159.0;0.0;2953.4;1558.6000000000001;1744.8000000000002;381.0;0.0;1268.8;2400.6000000000004;3680.0;1745;1738
158;LIMACHE;0.0;643.6;0.0;304.0;2708.0;424.0;445.3333333333333;427;0.0;1148.6;956.6;0.0;445.3333333333333;424.0;620.3333333333333;753.2;855.0;1778.0;687.6;0.0;5479.2;4952.8;4130.8;3658;5605
159;CERRO NAVIA;707.0;0.0;1402.2;911.6;10156.400000000001;1454.8;207.20000000000002;0;2646.4;10125.0;2674.8;3686.4;1157.2;869.8;207.20000000000002;1638.6;1200.6;3339.4;3466.0;0.0;6644.0;12273.2;2519.4;10882;15463
160;COLINA;0.0;0.0;989.4000000000001;3600.6;4192.200000000001;693.6;391.20000000000005;0;1037.0;3118.0;4573.0;2345.2;391.20000000000005;1795.6;391.20000000000005;3602.4;1797.6000000000001;3699.0;0.0;0.0;15994.6;14675.6;11229.8;7390;10984
161;OLMUE;0.0;138.0;0.0;455.20000000000005;643.2;108.80000000000001;261.3333333333333;0;0.0;538.8;1085.0;0.0;261.3333333333333;108.80000000000001;261.3333333333333;304.20000000000005;1317.8000000000002;639.0;189.0;0.0;2623.4;1755.4;907.2;1483;2101
162;COQUIMBO;1504.2;2840.4;3835.4;1978.0;7501.4;4579.2;433.3333333333333;2447;0.0;9342.0;5871.8;7435.6;433.3333333333333;1713.2;433.3333333333333;1838.8000000000002;3334.8;11508.400000000001;5553.4;0.0;14053.8;9489.4;17137.0;21455;27247
163;LA GRANJA;752.2;0.0;1398.0;814.6;9345.0;4098.4;641.8666666666667;0;4245.8;4895.0;9185.0;2345.0;1084.8666666666668;4688.4;641.8666666666667;2044.8;2495.0;7875.0;1609.6000000000001;0.0;10336.8;4916.2;4300.0;8420;14948
164;ESTACION CENTRAL;360.0;0.0;780.0;1048.8;8344.2;2009.2;563.2;0;3343.2;9489.0;4526.2;1330.0;563.2;1445.2;563.2;1960.0;2634.4;4580.0;0.0;0.0;11660.6;7266.8;8059.0;9823;17538
165;VILCUN;0.0;208.0;1819.2;628.8;1346.4;143.4;0.0;265;0.0;267.0;536.8;393.0;0.0;36.4;0.0;4668.8;88.0;182.0;609.2;0.0;2061.8;6822.200000000001;659.0;2918;2409
166;PICHIDEGUA;0.0;141.0;453.0;0.0;3922.2;577.2;0.0;0;0.0;381.0;2407.2;419.0;0.0;13.200000000000001;0.0;733.2;1753.8000000000002;1144.0;0.0;0.0;3221.0;1176.0;2475.2;1909;1400
167;ALGARROBO;0.0;0.0;226.4;0.0;1083.4;0.0;66.4;315;0.0;731.4;1280.0;286.0;66.4;0.0;154.4;117.60000000000001;337.4;520.4;151.0;0.0;2324.8;1814.6;2330.4;1049;1630
168;RAUCO;0.0;159.8;322.8;373.0;188.6;1060.2;0.0;130;0.0;102.4;920.0;0.0;0.0;27.200000000000003;0.0;380.0;1984.6000000000001;514.2;428.20000000000005;0.0;665.8;1004.4000000000001;1108.0;850;983
169;TALCAHUANO;0.0;2619.4;3321.8;2154.0;7889.8;8339.8;3938.0;0;0.0;3667.0;3318.0;5793.8;0.0;3813.8;0.0;1374.2;5668.8;6032.2;10168.0;0.0;16394.2;4756.2;9363.8;10834;19289
170;SAN NICOLAS;0.0;88.4;116.0;152.0;993.0;257.8;0.0;583;0.0;329.0;1092.0;0.0;0.0;192.8;0.0;772.2;1029.0;713.0;361.8;0.0;1122.2;2215.4;1385.8;1358;1074
171;JUAN FERNANDEZ;0.0;0.0;0.0;0.0;380.0;3.2;1.866666666666667;0;0.0;19.4;9.0;6.0;1.866666666666667;3.2;2.866666666666667;7.4;0.8;5.0;4.800000000000001;0.0;17.0;109.60000000000001;6.2;67;22
172;MAIPU;1911.0;0.0;8928.0;6064.0;108090.0;3414.0;1431.7333333333333;0;13535.0;29094.0;17345.0;12146.2;7578.733333333334;16004.0;1431.7333333333333;5231.0;7183.0;7824.0;4509.6;0.0;59064.2;23307.0;22875.6;34484;50130
173;SAN ROSENDO;0.0;84.0;711.6;44.0;46.0;13.0;38.06666666666667;0;0.0;44.0;661.2;36.0;5.066666666666667;152.0;5.066666666666667;131.4;731.0;261.4;39.6;0.0;158.4;893.4000000000001;191.0;278;298
174;POZO ALMONTE;0.0;0.0;283.2;59.2;304.0;47.2;23.733333333333334;0;0.0;122.0;1770.4;334.0;23.733333333333334;7.2;23.733333333333334;44.0;635.2;768.4;97.0;0.0;605.4;1353.2;1170.8;535;799
175;TALAGANTE;0.0;0.0;0.0;2438.4;6415.0;0.0;0.0;0;2140.4;3528.4;1818.0;915.0;0.0;1037.0;0.0;135.0;2403.2000000000003;11461.0;1772.4;0.0;9850.8;1223.2;8270.8;4845;7980
176;SAN GREGORIO;0.0;0.0;0.0;23.0;89.0;0.0;0.0;31;0.0;3.0;11.0;0.0;0.0;0.0;0.0;4.0;1.6;57.0;5.6;0.0;122.0;61.800000000000004;77.2;35;32
177;ALTO DEL CARMEN;0.0;0.0;0.0;0.0;336.8;445.8;0.0;0;0.0;97.6;105.6;239.0;0.0;80.80000000000001;34.0;90.4;284.0;365.8;0.0;0.0;343.6;644.6;162.60000000000002;357;325
178;OLIVAR;0.0;0.0;167.6;0.0;139.4;142.4;0.0;0;511.20000000000005;471.0;478.4;361.0;0.0;18.400000000000002;0.0;1508.8;1564.0;2056.6;0.0;0.0;1331.6;1665.4;1275.6;1231;1538
179;VALLENAR;0.0;0.0;0.0;0.0;179.20000000000002;6120.0;0.0;0;0.0;2070.4;629.0;1165.0;0.0;528.0;252.0;1184.8;1734.2;6871.2;0.0;0.0;2617.8;4350.6;1424.0;3015;5167
180;MACHALI;0.0;0.0;2516.4;430.0;2332.8;838.2;0.0;1130;0.0;3204.8;3131.2;3221.0;0.0;73.2;0.0;3201.0;2231.8;1834.8;684.6;0.0;6525.8;3454.0;2709.4;3397;5352
181;TIRUA;0.0;20.0;48.8;0.0;537.6;132.0;0.0;0;0.0;502.0;385.0;103.0;0.0;409.0;0.0;1100.0;606.4;353.0;840.2;0.0;1343.8000000000002;667.2;668.2;961;698
182;PALMILLA;0.0;221.0;447.2;462.6;154.0;307.6;0.0;0;0.0;399.0;1070.0;204.0;0.0;47.6;0.0;128.0;939.2;1038.0;151.0;0.0;1744.8000000000002;1206.2;2249.8;1112;831
183;QUINCHAO;0.0;0.0;0.0;0.0;661.0;166.4;0.0;0;0.0;135.8;1368.0;0.0;0.0;18.400000000000002;0.0;566.0;0.0;622.0;77.0;0.0;901.2;1496.8000000000002;595.0;915;463
184;PARRAL;0.0;318.0;215.20000000000002;831.0;2579.0;0.0;0.0;0;0.0;1015.4;2615.0;350.0;0.0;0.0;0.0;2664.0;0.0;429.8;1872.2;0.0;6886.0;6501.8;4312.0;3011;4003
185;SAN ESTEBAN;0.0;77.60000000000001;199.0;0.0;436.8;827.2;0.0;0;0.0;1114.0;805.0;0.0;0.0;827.2;186.0;619.8;0.0;1237.0;290.0;0.0;1187.0;2133.4;1566.2;1143;1503
186;COIHUECO;0.0;238.4;96.80000000000001;165.0;227.0;479.0;0.0;362;0.0;990.0;580.0;774.8;0.0;70.0;0.0;468.6;4093.4;446.0;1129.8;0.0;2354.6;5189.6;2302.2;1554;1554
187;PAIHUANO;36.8;44.2;188.6;26.8;107.8;34.6;0.0;0;0.0;223.4;496.4;75.2;0.0;15.600000000000001;0.0;251.8;14.0;325.6;38.0;0.0;185.0;1036.8;697.2;483;397
188;ANTARTICA;0.0;0.0;0.0;0.0;5.2;0.0;0.0;10;0.0;0.0;2.0;0.0;0.0;0.0;0.0;1.0;0.0;2.0;0.0;0.0;19.0;18.0;10.0;2;6
189;LONCOCHE;0.0;2430.0;223.6;174.60000000000002;726.8;1040.0;0.0;443;0.0;844.0;451.4;266.0;0.0;1391.0;0.0;900.6;74.0;121.0;117.60000000000001;0.0;3039.8;6527.8;2442.0;1937;2060
190;EL MONTE;0.0;0.0;172.0;336.4;809.6;0.0;0.0;0;1316.4;2153.0;1461.0;439.0;0.0;221.0;0.0;612.0;1864.4;1753.2;358.0;0.0;1874.2;2016.8000000000002;4512.0;2890;3286
191;PUNTA ARENAS;0.0;0.0;0.0;4276.6;8734.0;0.0;0.0;14938;0.0;6553.0;2987.0;1040.0;0.0;0.0;0.0;2521.8;1914.0;7587.0;3756.4;0.0;10552.4;9086.8;5442.4;11683;16030
192;SAN BERNARDO;2284.0;0.0;3597.0;3230.6000000000004;12855.0;2670.0;0.0;0;7318.400000000001;11508.0;5552.6;9867.8;4991.0;2029.0;0.0;1731.0;5598.4;22012.0;9430.0;0.0;28927.4;14189.0;13043.2;21511;36223
193;ALTO HOSPICIO;1603.6000000000001;0.0;1465.4;586.0;1420.0;932.0;94.39999999999999;0;0.0;1298.0;4649.6;3662.8;251.39999999999998;726.0;268.4;1883.0;2303.0;1289.6;3439.8;0.0;5273.0;6006.4;1460.2;6718;9322
194;GALVARINO;0.0;0.0;1159.4;89.0;2007.2;267.6;0.0;0;0.0;117.0;407.20000000000005;171.0;0.0;252.6;0.0;551.0;33.0;746.0;375.40000000000003;0.0;1416.4;2746.0;490.0;1369;877
195;LONQUIMAY;0.0;140.0;494.0;267.8;173.4;0.0;0.0;1119;0.0;0.0;830.6;520.2;0.0;836.0;0.0;295.6;375.0;922.0;868.0;0.0;218.60000000000002;658.6;1539.8;1190;656
196;SAN RAFAEL;72.0;44.6;975.8000000000001;208.2;208.0;528.0;0.0;0;0.0;164.6;1928.4;154.4;0.0;0.0;0.0;446.2;656.8;86.6;900.2;0.0;727.0;1146.6;660.2;850;952
197;HUALAIHUE;0.0;83.2;0.0;227.20000000000002;1121.6;0.0;0.0;0;0.0;0.0;1010.0;99.4;0.0;0.0;0.0;0.0;448.20000000000005;803.0;0.0;0.0;656.0;1809.8000000000002;2083.0;734;563
198;SAN JOSE DE MAIPO;218.0;0.0;271.6;91.0;2016.4;224.4;37.6;0;497.0;1834.6;370.0;212.0;275.6;216.4;37.6;626.0;1214.4;1062.0;198.4;0.0;1688.8000000000002;1318.2;1069.0;1229;1908
199;CALERA DE TANGO;24.0;0.0;228.8;197.60000000000002;2035.8000000000002;173.60000000000002;0.0;0;533.2;800.0;405.0;300.0;188.0;687.6;0.0;0.0;510.40000000000003;1494.0;174.4;0.0;3054.0;1806.0;2841.2;1891;2062
200;CUNCO;0.0;0.0;1465.6;263.6;942.0;464.6;0.0;0;0.0;478.0;741.0;285.0;0.0;25.6;0.0;840.6;1371.6000000000001;424.0;128.0;0.0;2651.6000000000004;3039.8;2024.4;1744;1614
201;TALCA;1786.6;2794.4;4387.2;11896.0;6647.0;4425.0;0.0;0;1939.8000000000002;13286.2;7783.8;5877.6;0.0;0.0;0.0;2459.4;6986.8;7618.6;5928.8;0.0;17305.4;27290.0;10021.6;18150;25961
202;TUCAPEL;0.0;31.200000000000003;178.6;142.0;1266.8;0.0;118.86666666666667;740;0.0;376.0;1050.0;170.0;13.866666666666667;0.0;13.866666666666667;478.2;967.8000000000001;250.4;166.0;0.0;732.0;4297.8;764.6;1286;1309
203;LONGAVI;0.0;0.0;227.20000000000002;0.0;1227.0;188.0;0.0;0;0.0;972.8;661.0;634.6;0.0;0.0;0.0;2008.0;2928.6;824.6;241.60000000000002;0.0;5789.0;2060.4;7704.8;2369;2157
204;PADRE LAS CASAS;0.0;985.6;1218.0;2589.8;3667.6;3265.0;0.0;0;0.0;3633.8;2842.6;617.0;0.0;1698.0;0.0;3979.4;1979.4;756.0;4500.200000000001;0.0;9000.6;6937.200000000001;1822.8;6794;8498
205;MAULLIN;0.0;95.0;0.0;62.6;232.60000000000002;780.2;0.0;1175;0.0;78.0;1464.0;148.6;0.0;71.2;0.0;835.0;0.0;1481.4;0.0;0.0;1061.0;2128.6000000000004;3166.6;1966;1194
206;CONCHALI;407.0;0.0;2747.4;555.0;3897.0;2003.0;0.0;0;3771.8;7713.2;3767.0;3005.4;4469.0;552.0;0.0;4019.0;693.6;2183.0;1097.6000000000001;0.0;12808.2;6894.8;4272.2;9177;16387
207;LUMACO;0.0;0.0;38.0;1322.0;540.6;199.0;0.0;0;0.0;6.0;286.2;0.0;0.0;0.0;0.0;646.6;597.0;407.0;51.2;0.0;1652.6000000000001;662.6;855.8;560;412
208;OLLAGUE;8.8;0.0;114.60000000000001;39.2;0.0;109.0;0.0;0;0.0;12.0;158.6;19.8;0.0;0.0;0.0;9.0;5.0;83.80000000000001;14.0;0.0;18.0;88.8;240.2;52;37
209;QUILACO;0.0;9.600000000000001;208.4;50.400000000000006;57.2;0.0;36.333333333333336;0;0.0;33.0;812.8;45.0;5.333333333333333;0.0;5.333333333333333;279.6;362.20000000000005;403.8;44.6;0.0;502.20000000000005;585.8;769.0;471;286
210;COPIAPO;0.0;3192.8;1385.8;0.0;5199.0;7312.0;2658.7333333333336;0;0.0;7208.8;1154.0;2020.0;943.7333333333335;1024.0;1445.7333333333336;3814.4;5148.0;5323.2;4629.8;0.0;9642.8;9077.2;4634.4;11947;14958
211;VICUÑA;177.0;191.4;372.8;923.6;1905.2;521.2;0.0;436;0.0;791.2;837.2;416.6;0.0;251.20000000000002;0.0;595.8000000000001;656.2;1716.8;502.8;0.0;951.2;2028.6;2948.4;3064;2366
212;DIEGO DE ALMAGRO;0.0;446.8;0.0;0.0;490.0;292.6;36.0;0;0.0;1188.0;101.80000000000001;749.0;36.0;123.60000000000001;36.0;48.0;168.2;560.8;0.0;0.0;525.8;1364.2;0.0;607;940
213;PEUMO;0.0;928.0;261.6;0.0;1028.6;52.6;0.0;0;0.0;129.6;346.0;278.0;0.0;11.600000000000001;0.0;1068.2;2089.2000000000003;649.2;0.0;0.0;995.8000000000001;3349.8;1174.0;1168;1032
214;PUERTO VARAS;0.0;1748.0;0.0;2880.0;3239.0;329.20000000000005;0.0;4464;0.0;435.0;3205.0;3250.2000000000003;0.0;1625.2;0.0;2120.0;0.0;3781.0;0.0;0.0;6491.4;3617.6;3180.2;4100;4446
215;CURACAUTIN;0.0;0.0;97.0;1258.8;994.4;0.0;0.0;380;0.0;0.0;1134.4;0.0;0.0;264.0;0.0;836.8;1645.4;710.0;1961.0;0.0;2293.4;1334.0;793.0;1597;1742
216;CASABLANCA;0.0;0.0;48.0;454.2;4213.4;237.20000000000002;67.2;0;0.0;479.8;1206.2;457.0;67.2;237.20000000000002;209.2;345.4;722.0;834.4;330.20000000000005;0.0;2102.8;2542.0;2407.8;2005;2479
217;DOÑIHUE;0.0;0.0;354.0;0.0;1016.2;703.8;0.0;0;338.0;700.6;622.2;411.0;0.0;22.8;0.0;3531.4;3192.0;977.6;0.0;0.0;1229.6;1721.2;3785.2;1830;2039
218;MAFIL;0.0;0.0;0.0;239.2;114.80000000000001;22.0;0.0;0;0.0;87.6;589.2;91.0;0.0;0.0;0.0;699.6;704.8000000000001;844.0;0.0;0.0;872.6;1266.6;696.2;579;631
219;PEDRO AGUIRRE CERDA;775.0;0.0;2820.0;1381.8000000000002;6492.0;1639.6;299.73333333333335;2557;1948.0;11355.0;2474.0;0.0;1676.7333333333333;2193.6;299.73333333333335;1791.6;4118.0;11828.4;906.4000000000001;0.0;8559.4;6329.4;1981.2;7935;11448
220;ISLA DE PASCUA;0.0;0.0;0.0;1354.8;0.0;0.0;0.0;129;0.0;21.0;282.6;0.0;0.0;0.0;0.0;355.4;174.60000000000002;761.4000000000001;0.0;0.0;46.0;784.0;0.0;198;251
221;PALENA;0.0;3.2;0.0;202.4;250.8;0.0;0.0;0;0.0;0.0;117.0;0.0;0.0;0.0;0.0;0.0;0.0;452.0;0.0;0.0;115.4;493.8;17.0;118;70
222;PADRE HURTADO;279.0;0.0;805.0;451.6;3846.4;0.0;0.0;0;2099.2;2571.2;1912.0;2702.0;0.0;2915.0;0.0;482.0;3093.4;7480.0;0.0;0.0;8026.8;5753.6;6108.6;5140;5707
223;CHAÑARAL;0.0;114.4;388.8;0.0;298.0;656.0;28.8;0;0.0;1536.6;104.80000000000001;421.0;28.8;324.0;28.8;193.8;511.40000000000003;405.40000000000003;0.0;0.0;330.0;1337.2;500.0;642;930
224;TRAIGUEN;0.0;0.0;136.0;1264.2;812.2;0.0;0.0;0;0.0;0.0;608.4;0.0;0.0;666.0;0.0;3040.0;917.8;294.0;1332.8000000000002;0.0;1571.2;2322.0;257.6;1433;1616
225;LICANTEN;0.0;49.6;727.6;920.4;79.2;76.0;0.0;0;0.0;43.2;89.0;114.2;0.0;12.0;0.0;167.0;1524.0;188.6;71.6;0.0;553.8;395.40000000000003;1500.0;590;461
226;PLACILLA;0.0;77.0;366.6;47.2;86.0;529.6;0.0;0;0.0;239.0;2093.0;165.0;0.0;281.6;0.0;34.0;664.0;970.0;333.4;0.0;1111.2;1146.2;687.0;737;600
227;QUILLOTA;0.0;884.8000000000001;252.0;0.0;818.4000000000001;1842.4;146.4;1313;0.0;4919.8;3428.4;2319.0;146.4;484.40000000000003;1487.4;3166.2;4672.6;2224.0;3200.8;0.0;8027.4;6437.2;3456.0;7572;7992
228;NEGRETE;0.0;20.0;553.6;53.6;128.8;0.0;189.73333333333335;290;0.0;71.0;1528.8;135.0;7.733333333333334;0.0;7.733333333333334;39.4;1216.6;1098.4;160.4;0.0;777.0;929.2;1975.2;1018;658
229;LOS LAGOS;0.0;506.0;0.0;132.4;274.2;48.0;0.0;0;0.0;2975.4;1011.0;392.0;0.0;0.0;0.0;903.6;70.4;2066.0;0.0;0.0;2042.8;3012.8;4697.0;1658;1505
230;TOCOPILLA;0.0;0.0;122.0;0.0;1109.8;3220.0;0.0;0;0.0;741.0;1475.4;110.4;0.0;1046.0;0.0;1319.8000000000002;256.0;298.0;1391.4;0.0;284.0;1264.8;960.4000000000001;1215;2035
231;LA FLORIDA;6711.6;0.0;2863.0;6360.6;14177.0;4579.8;1455.2;0;10792.4;28209.0;9885.0;0.0;5171.2;2092.8;1455.2;10099.2;4745.4;11123.0;5272.0;0.0;31373.800000000003;44717.8;17190.0;25574;40710
232;LO ESPEJO;1164.0;0.0;1781.0;2052.0;10637.8;4771.2;262.6666666666667;0;2730.2;16099.0;2569.0;0.0;262.6666666666667;499.2;262.6666666666667;2292.8;3224.8;4398.2;3018.0;0.0;3446.8;5181.2;3325.2;8069;11842
233;SANTA BARBARA;0.0;22.400000000000002;340.0;542.0;146.4;0.0;126.4;0;0.0;293.0;1065.6;687.0;14.4;0.0;14.4;136.0;1470.4;1411.8;326.4;0.0;1349.8;1103.8000000000002;1725.6;1111;1190
234;ANGOL;0.0;3504.0;935.0;3142.0;1535.8;0.0;0.0;0;0.0;467.0;7935.2;0.0;0.0;0.0;0.0;2612.0;1418.2;2352.0;1416.8000000000002;0.0;5016.6;7158.4;2628.4;3320;4865
235;FREIRINA;0.0;0.0;257.6;0.0;112.0;328.6;0.0;0;0.0;475.4;807.0;0.0;0.0;91.60000000000001;53.0;24.0;72.0;628.0;0.0;0.0;130.0;605.2;804.8;402;486
236;LEBU;0.0;116.80000000000001;1253.6;0.0;1397.2;268.0;0.0;0;0.0;1176.0;1849.0;306.0;0.0;0.0;0.0;0.0;1935.2;1003.0;686.0;0.0;3401.6;2655.8;3053.6;1742;1747
237;NINHUE;0.0;54.0;0.0;52.0;0.0;216.6;0.0;0;0.0;0.0;1042.2;64.0;0.0;264.6;0.0;116.0;847.6;379.4;145.0;0.0;315.4;769.0;856.6;439;362
238;HUALPEN;0.0;356.8;3028.6;1315.0;2095.2;4410.4;1420.0;603;0.0;3135.0;4927.8;2863.8;0.0;424.4;0.0;6313.4;6567.200000000001;2943.6;8443.6;0.0;5896.6;3210.0;3719.6000000000004;6339;10991
239;HIJUELAS;0.0;0.0;0.0;0.0;582.4;498.0;43.199999999999996;0;0.0;464.8;504.0;1185.6;43.199999999999996;0.0;189.2;316.0;144.4;1680.0;281.6;0.0;1467.8;1925.4;1376.0;1532;1823
240;RIO IBAÑEZ;0.0;0.0;0.0;0.0;0.0;0.0;0.0;0;0.0;0.0;158.2;0.0;0.0;0.0;0.0;345.0;254.4;262.0;0.0;0.0;0.0;1086.8000000000002;878.0;94;117
241;SAN MIGUEL;341.0;0.0;1945.0;2393.4;16440.8;1711.2;271.2;2761;2626.6;9092.0;2273.0;1632.4;748.2;602.2;271.2;609.4;2847.2;5733.2;2313.0;0.0;11062.6;12543.2;10172.2;7105;11120
242;TILTIL;0.0;0.0;186.0;109.0;1363.8;0.0;105.33333333333333;0;102.0;1671.0;1250.0;578.8;105.33333333333333;683.0;105.33333333333333;1060.2;408.8;927.0;398.40000000000003;0.0;2234.6000000000004;1192.2;2001.2;1441;1697
243;CHILLAN VIEJO;0.0;321.2;747.0;107.0;384.0;515.0;0.0;0;365.6;1068.4;1521.8;1321.4;0.0;150.0;0.0;643.4;3468.2;2096.8;1197.4;0.0;2264.8;1069.8;2408.0;2407;3398
244;CAMIÑA;0.0;0.0;69.60000000000001;13.600000000000001;12.8;202.6;0.0;107;0.0;10.0;171.20000000000002;0.0;0.0;1.6;0.0;3.0;378.40000000000003;41.0;214.0;0.0;60.400000000000006;449.0;248.60000000000002;61;55
245;INDEPENDENCIA;533.0;0.0;698.0;693.0;5849.0;494.40000000000003;114.13333333333334;0;2599.6;4259.8;1146.6;1185.0;1149.1333333333334;484.40000000000003;114.13333333333334;1026.4;911.8;3444.0;1758.6;0.0;6697.8;8634.0;5925.6;5707;12069
246;ANDACOLLO;98.0;78.6;1202.8;55.400000000000006;179.2;47.2;0.0;183;0.0;956.2;684.2;204.8;0.0;23.200000000000003;0.0;57.4;28.0;1045.2;526.6;0.0;466.0;714.4;1005.6;1190;1219
247;TIERRA AMARILLA;0.0;411.8;56.2;0.0;387.8;453.20000000000005;134.13333333333333;140;0.0;748.4000000000001;460.2;205.0;74.13333333333334;183.20000000000002;103.13333333333334;937.2;187.6;346.4;213.4;0.0;507.2;1355.8000000000002;830.0;1203;1123
248;LITUECHE;0.0;0.0;0.0;1011.0;812.0;621.6;0.0;891;0.0;258.0;980.6;82.4;0.0;65.60000000000001;0.0;325.0;90.4;546.0;0.0;0.0;622.4;713.4000000000001;1759.0;605;575
249;LOS ANDES;0.0;0.0;727.0;0.0;1413.4;5037.200000000001;0.0;1019;0.0;2769.0;1910.0;0.0;0.0;2441.2000000000003;978.0;1325.4;995.0;1920.2;711.0;0.0;5506.4;6242.0;4713.0;3000;5567
250;CABILDO;0.0;0.0;159.0;0.0;137.6;980.6;0.0;0;0.0;1848.8;1828.2;0.0;0.0;683.6;0.0;1569.8000000000002;752.0;251.4;0.0;0.0;2415.0;1744.0;0.0;1200;1451
251;CHONCHI;0.0;0.0;0.0;0.0;508.0;78.4;0.0;0;0.0;297.8;949.0;0.0;0.0;78.4;0.0;549.0;2305.6;1530.0;150.0;0.0;641.8;1835.2;2155.6;1542;1201
252;CUREPTO;28.2;59.8;1120.0;63.6;99.0;328.0;0.0;0;0.0;51.0;422.0;216.6;0.0;0.0;0.0;2126.8;1047.2;390.4;64.0;0.0;566.2;1419.4;1378.0;976;701
253;BUIN;360.6;0.0;791.0;596.0;3664.0;2875.2;0.0;0;2805.0;4043.0;4255.6;1401.0;1847.0;720.2;0.0;2330.6;2051.2;2484.0;1557.6;0.0;9204.8;6839.6;8875.8;7413;10023
254;HUALAÑE;0.0;24.0;302.2;51.2;286.6;85.0;0.0;0;0.0;49.6;531.0;0.0;0.0;16.0;0.0;1181.0;2408.2;1007.2;80.4;0.0;284.0;1622.4;1259.0;843;678
255;ILLAPEL;0.0;0.0;1153.2;0.0;2289.6;173.0;0.0;0;0.0;988.4;5745.0;863.8;0.0;0.0;0.0;1659.6;711.2;2256.0;0.0;0.0;740.2;1177.6;1784.4;1556;1624
256;LANCO;0.0;0.0;0.0;1649.6000000000001;173.4;37.0;0.0;0;0.0;169.2;1578.8;121.0;0.0;0.0;0.0;913.6;938.0;2869.0;0.0;0.0;1909.2;2194.0;1239.6;1438;1495
257;SANTA CRUZ;0.0;220.0;1612.0;476.8;488.0;1798.2;0.0;0;744.0;3467.0;2330.0;480.0;0.0;157.20000000000002;0.0;0.0;632.0;2632.2;318.0;0.0;3939.6;5006.2;6636.6;3375;3149
258;SAN JAVIER;0.0;940.0;280.8;0.0;2214.0;1444.0;0.0;0;590.4;2350.2;1623.0;559.0;0.0;0.0;0.0;2528.6;1140.0;1999.8;1414.4;0.0;4202.6;6822.8;10503.4;3584;4253
259;VICTORIA;0.0;228.0;1192.0;3202.0;1380.2;0.0;0.0;0;0.0;61.0;960.2;0.0;0.0;1516.0;0.0;1721.2;1696.6000000000001;1265.0;1772.0;0.0;2986.8;2697.6000000000004;5025.6;2199;3418
260;RANCAGUA;0.0;1771.0;0.0;847.0;11273.6;6805.2;0.0;0;9651.2;11765.0;6788.0;4378.0;0.0;1943.2;0.0;9751.6;6325.6;10685.0;6754.0;0.0;34590.0;14117.400000000001;12404.0;14899;33393
261;SAN CARLOS;0.0;315.20000000000005;692.8000000000001;5228.0;1016.0;354.0;0.0;1215;0.0;6244.0;0.0;282.0;0.0;354.0;0.0;887.8;2956.8;3663.0;0.0;0.0;5046.0;6300.200000000001;7132.2;3575;5153
262;ÑIQUEN;0.0;297.4;182.8;119.0;0.0;61.2;0.0;0;0.0;354.0;901.0;0.0;0.0;61.2;0.0;348.0;892.2;1850.0;0.0;0.0;1862.0;1178.0;1983.6;902;841
263;ARICA;3085.8;0.0;6647.8;379.0;3306.6000000000004;4207.2;648.5333333333334;0;0.0;6614.0;5321.8;6790.0;5376.533333333334;4858.2;1367.5333333333333;1711.0;4328.8;5877.200000000001;3359.2000000000003;0.0;21389.0;10687.6;6434.2;14365;22340
264;ROMERAL;0.0;86.4;1162.6;1129.4;329.6;180.2;0.0;0;0.0;140.8;918.0;0.0;0.0;43.2;0.0;80.0;1589.4;1826.4;156.4;0.0;1669.6;2208.8;1573.0;1374;1429
265;FRUTILLAR;0.0;534.0;0.0;580.4;863.6;96.6;0.0;369;0.0;407.0;3462.0;218.8;0.0;297.6;0.0;445.0;870.4000000000001;1262.6;0.0;0.0;2638.8;2227.6;2667.2;1995;1734
266;CHAITEN;0.0;25.6;0.0;148.8;1055.2;0.0;0.0;0;0.0;0.0;0.0;0.0;0.0;0.0;0.0;49.0;372.0;597.0;0.0;0.0;81.60000000000001;828.0;121.0;397;208
267;CABO DE HORNOS(EX-NAVARINO);0.0;0.0;0.0;0.0;103.2;0.0;0.0;525;0.0;0.0;240.6;0.0;0.0;0.0;0.0;50.0;0.0;160.0;0.0;0.0;104.0;270.8;117.0;16;34
268;FRESIA;0.0;73.0;0.0;78.0;559.6;435.0;0.0;0;0.0;83.0;1328.0;98.6;0.0;57.0;0.0;65.0;644.0;1024.6;0.0;0.0;1489.8000000000002;3511.0;945.2;1429;1028
269;PUREN;0.0;0.0;652.0;1617.0;570.0;666.0;0.0;138;0.0;0.0;1200.2;172.0;0.0;0.0;0.0;1240.2;826.2;585.0;302.40000000000003;0.0;569.8;1445.2;616.2;904;706
270;MAULE;237.4;554.8;1489.0;1700.0;981.0;148.0;0.0;0;0.0;874.4;6255.0;610.6;0.0;0.0;0.0;397.2;2473.4;561.2;951.8;0.0;3388.6;3471.6000000000004;3133.6;2474;3704
271;PUERTO OCTAY;0.0;0.0;0.0;0.0;160.4;74.4;0.0;88;0.0;113.0;450.0;658.4;0.0;74.4;0.0;610.0;949.8000000000001;1231.0;331.8;0.0;862.6;691.0;1185.8;850;743
272;LA SERENA;2450.6000000000004;2136.2;4178.4;2281.6;9560.0;2532.2;500.2666666666667;0;0.0;11949.0;8632.6;6259.4;500.2666666666667;1423.2;500.2666666666667;2301.8;6483.0;7507.8;4509.8;0.0;17822.4;15056.4;12511.2;18842;27088
273;YUNGAY;0.0;182.8;89.6;593.0;347.0;66.4;0.0;0;158.4;373.8;1227.2;593.8;0.0;71.4;0.0;804.8;2472.0;2783.0;201.4;0.0;1340.8;1863.0;994.0;1601;1500
274;RANQUIL;0.0;32.0;0.0;410.0;0.0;100.6;0.0;0;446.40000000000003;0.0;819.8;76.0;0.0;7.6000000000000005;0.0;718.8;722.2;223.8;131.0;0.0;148.0;625.0;1596.8;377;401
275;NATALES;0.0;0.0;0.0;0.0;1671.8000000000002;0.0;0.0;2381;0.0;1015.0;1999.0;1204.0;0.0;0.0;0.0;0.0;586.4000000000001;2517.4;0.0;0.0;1506.0;1401.6000000000001;754.6;1691;2318
276;PENCO;0.0;161.60000000000002;1252.8;203.0;2561.4;3860.6;1194.0;0;0.0;1614.0;3433.4;1759.4;0.0;135.6;0.0;290.8;983.2;3049.6;5229.0;0.0;6658.200000000001;697.6;7657.4;3191;4635
277;CABRERO;0.0;64.8;3658.6;1100.8;598.2;0.0;196.2;0;0.0;197.0;2446.2;1399.6;23.200000000000003;0.0;23.200000000000003;761.2;1981.4;2301.6000000000004;1491.2;0.0;4056.6000000000004;1192.8;1915.0;2733;2624
278;TOME;0.0;179.20000000000002;1246.0;1114.0;1393.6;1713.4;1099.0;644;0.0;3234.0;8561.8;2500.8;0.0;306.40000000000003;0.0;1359.8;1483.4;2584.2;2318.6000000000004;0.0;6189.200000000001;2651.6000000000004;6083.2;4287;4988
279;SAN PEDRO DE ATACAMA;235.6;0.0;315.2;67.2;0.0;523.8;0.0;0;0.0;105.0;1681.8;293.0;0.0;402.8;0.0;18.0;526.2;201.4;73.0;0.0;250.60000000000002;475.6;62.6;535;594
280;NOGALES;0.0;0.0;0.0;0.0;513.6;505.20000000000005;0.0;0;0.0;1783.2;732.4000000000001;452.0;0.0;137.20000000000002;180.0;1069.8;1178.2;1356.2;527.2;0.0;1500.6;1682.8000000000002;1707.2;1533;1883
281;HUARA;0.0;0.0;46.400000000000006;40.800000000000004;76.0;81.80000000000001;0.0;0;0.0;239.0;96.0;0.0;0.0;46.800000000000004;0.0;37.6;127.2;74.2;29.0;0.0;330.2;650.0;569.2;132;154
282;PETORCA;0.0;0.0;126.0;0.0;213.0;756.0;0.0;0;0.0;745.0;685.4;0.0;0.0;500.0;0.0;623.0;477.6;432.0;0.0;0.0;704.8;1034.4;47.0;664;810
283;SAN ANTONIO;0.0;164.8;129.6;563.6;5874.6;948.0;359.20000000000005;0;0.0;3982.2;6437.2;1368.0;359.20000000000005;948.0;2482.2;619.0;6212.6;4383.8;593.8;0.0;5961.6;8421.0;2306.0;6296;11086
284;MOLINA;477.0;145.6;1033.6;309.6;3165.8;2878.2;0.0;0;0.0;485.40000000000003;1880.0;0.0;0.0;75.2;0.0;2904.0;4120.6;5187.6;338.4;0.0;5602.400000000001;3921.6000000000004;6708.0;3037;4222
285;COBQUECURA;0.0;18.0;0.0;420.0;0.0;801.6;0.0;0;0.0;20.0;847.4000000000001;36.0;0.0;170.6;0.0;29.6;924.6;815.2;31.4;0.0;227.20000000000002;333.40000000000003;1456.2;293;205
286;ZAPALLAR;0.0;0.0;385.20000000000005;216.20000000000002;0.0;474.40000000000003;0.0;0;0.0;343.0;407.8;0.0;0.0;474.40000000000003;0.0;130.8;0.0;589.6;0.0;0.0;1274.0;2498.4;708.0;642;625
287;RINCONADA;0.0;0.0;240.8;0.0;0.0;507.6;0.0;162;0.0;316.0;270.8;51.0;0.0;433.6;142.0;190.4;592.2;522.6;154.0;0.0;1053.4;2338.6;743.4;608;629
288;QUINTA DE TILCOCO;0.0;0.0;211.4;0.0;1118.4;73.6;0.0;0;0.0;381.8;1418.0;261.0;0.0;11.600000000000001;0.0;2200.0;1754.8000000000002;337.6;0.0;0.0;753.6;2092.6;1309.0;1400;1262
289;PORVENIR;0.0;0.0;0.0;426.0;0.0;0.0;0.0;808;0.0;298.20000000000005;625.0;0.0;0.0;0.0;0.0;768.0;897.6;55.400000000000006;0.0;0.0;520.6;36.800000000000004;0.0;181;240
290;PICHILEMU;0.0;138.0;0.0;247.0;2549.0;1484.8;0.0;0;0.0;261.0;1092.6;139.20000000000002;0.0;120.80000000000001;0.0;94.0;2417.6;1786.0;0.0;0.0;331.4;3393.0;5372.0;884;831
291;QUILICURA;992.0;0.0;3171.8;2301.0;11178.0;8016.8;0.0;0;7571.8;11512.0;5640.0;7547.2;5288.0;5560.8;0.0;4149.0;6388.400000000001;2184.0;3576.8;0.0;16845.8;9701.4;5481.8;12743;22489
292;LA LIGUA;0.0;0.0;1862.6;0.0;664.6;508.0;78.93333333333334;1140;0.0;4577.0;2057.4;0.0;78.93333333333334;508.0;78.93333333333334;409.6;936.2;1662.0;0.0;0.0;2685.0;4208.4;1538.4;2542;2727
293;COMBARBALA;0.0;163.20000000000002;721.4000000000001;0.0;249.60000000000002;326.0;0.0;161;0.0;565.2;268.8;205.8;0.0;138.0;0.0;537.4;75.80000000000001;457.0;66.0;0.0;663.8;2120.6000000000004;742.6;1156;832
294;RIO VERDE;0.0;0.0;0.0;34.2;21.0;0.0;0.0;38;0.0;7.0;20.0;0.0;0.0;0.0;0.0;7.4;7.2;8.0;7.0;0.0;199.2;88.60000000000001;44.800000000000004;46;21
295;HUASCO;0.0;0.0;0.0;0.0;326.40000000000003;595.0;0.0;0;0.0;408.6;248.6;204.0;0.0;302.0;72.0;215.20000000000002;359.0;801.6;0.0;0.0;511.0;372.4;907.4000000000001;596;812
296;HUALQUI;0.0;44.0;1848.8000000000002;184.0;1413.2;471.6;0.0;351;0.0;3888.0;1310.0;454.0;0.0;55.6;0.0;940.2;528.4000000000001;1293.0;1922.4;0.0;1885.6;1389.2;1425.4;1861;2352
297;LLANQUIHUE;0.0;567.0;0.0;152.8;2772.4;332.8;0.0;186;0.0;390.0;954.0;460.6;0.0;301.8;0.0;380.0;1428.8000000000002;2220.2;811.8000000000001;0.0;1641.4;408.6;1235.8;1969;1925
298;IQUIQUE;4028.8;0.0;5156.8;714.4000000000001;5246.2;5552.0;610.4;0;0.0;3998.0;3327.6;6568.8;895.4;2754.0;1664.4;4684.2;5056.0;3441.6000000000004;3434.4;0.0;16594.8;7683.8;7590.8;13583;18304
299;VALDIVIA;0.0;3440.0;0.0;3640.6;21647.0;4188.0;0.0;0;0.0;6806.2;7156.4;1296.0;0.0;0.0;0.0;6079.6;2432.0;24583.0;4121.4;0.0;18879.0;14244.0;4355.6;11886;16406
300;PIRQUE;222.0;0.0;300.8;364.0;1099.8;135.4;49.6;0;883.2;3060.6;486.0;311.0;409.6;881.4;49.6;1235.0;2496.4;1179.0;455.6;0.0;3515.8;3232.0;1107.0;2168;2584
301;CISNES;0.0;0.0;0.0;89.0;0.0;0.0;0.0;0;0.0;168.2;697.4000000000001;0.0;0.0;0.0;0.0;129.4;191.8;581.0;0.0;0.0;381.0;1246.8;289.0;254;188
302;LAJA;0.0;40.0;901.4;122.4;241.60000000000002;357.0;207.53333333333333;515;0.0;152.0;632.8;213.0;20.533333333333335;0.0;20.533333333333335;127.2;3379.4;2852.4;319.6;0.0;2017.4;4125.4;2292.0;1282;1561
303;QUEILEN;0.0;0.0;0.0;0.0;75.0;398.0;0.0;0;0.0;178.6;710.0;0.0;0.0;22.0;0.0;107.0;435.40000000000003;438.8;61.0;0.0;514.0;938.0;1121.6;753;235
304;TORTEL;0.0;0.0;0.0;0.0;0.0;0.0;0.0;0;0.0;19.0;46.0;0.0;0.0;0.0;0.0;21.0;0.0;92.0;0.0;0.0;0.0;248.6;170.6;24;25
305;PUMANQUE;0.0;0.0;63.8;327.6;48.0;17.2;0.0;0;0.0;108.0;485.0;451.40000000000003;0.0;17.2;0.0;0.0;514.2;214.6;56.0;0.0;786.8000000000001;389.0;419.4;425;237
306;DALCAHUE;0.0;0.0;0.0;0.0;2241.0;396.8;0.0;0;0.0;645.6;1137.0;0.0;0.0;68.8;0.0;1521.0;902.4000000000001;809.0;151.0;0.0;747.4;2481.0;1384.8;1668;1203
307;AYSEN;0.0;0.0;614.0;1707.0;0.0;419.0;0.0;0;0.0;363.4;1565.6;0.0;0.0;0.0;0.0;1823.0;1305.4;1405.0;0.0;0.0;1695.2;2681.8;3481.0;1744;1742
308;CONSTITUCION;167.2;166.0;870.2;1931.2;1530.0;528.0;0.0;0;0.0;2394.8;1536.0;1351.8000000000002;0.0;0.0;0.0;374.0;7344.0;1776.0;350.8;0.0;3293.6000000000004;2189.2;10272.2;3300;3852
309;TOLTEN;0.0;0.0;112.8;99.4;101.0;38.0;0.0;0;0.0;68.0;416.2;102.0;0.0;8.0;0.0;62.400000000000006;1880.4;209.0;51.2;0.0;1733.6000000000001;1335.0;2055.0;869;715
310;LAGO VERDE;0.0;0.0;0.0;0.0;0.0;0.0;0.0;0;0.0;55.0;56.0;0.0;0.0;0.0;0.0;147.6;184.4;109.0;0.0;0.0;81.0;221.4;306.8;91;40
311;TALTAL;28.0;0.0;105.80000000000001;216.0;274.0;78.8;0.0;0;0.0;639.4;615.4000000000001;134.0;0.0;28.8;0.0;265.0;942.6;775.4;729.6;0.0;273.6;775.0;306.2;880;821
312;EMPEDRADO;13.2;17.8;396.6;56.4;57.0;18.0;0.0;749;0.0;26.8;74.0;44.0;0.0;0.0;0.0;364.2;707.6;26.4;57.2;0.0;78.0;784.0;1253.2;370;244
313;EL BOSQUE;1471.0;0.0;2856.6000000000004;1248.8000000000002;4352.8;2510.0;462.1333333333334;0;3996.2;7040.8;2925.0;2195.0;462.1333333333334;366.0;462.1333333333334;1969.2;2312.4;13387.2;3238.2000000000003;0.0;15740.0;9965.6;4312.0;11824;18950
314;LA PINTANA;2965.0;0.0;4605.0;1977.0;5898.0;6509.4;509.06666666666666;0;5404.4;7841.0;8275.0;3471.2;9886.066666666668;422.4;509.06666666666666;2438.2;5559.0;7527.2;4340.0;0.0;11077.0;7096.2;5809.0;14594;21285
315;PINTO;0.0;160.8;141.2;44.0;156.0;48.2;0.0;82;117.60000000000001;296.6;792.0;197.0;0.0;51.2;0.0;157.4;513.4;351.0;963.6;0.0;2050.8;1072.4;3730.0;1111;1300
316;COCHAMO;0.0;105.0;0.0;37.0;143.2;33.400000000000006;0.0;296;0.0;85.0;95.0;49.4;0.0;32.400000000000006;0.0;275.0;323.20000000000005;47.8;15.0;0.0;523.2;642.6;346.6;649;413
317;SAN JOAQUIN;609.4;0.0;657.0;1690.6;10763.0;4517.2;502.40000000000003;0;2976.2;8860.0;3099.0;0.0;1867.4;1372.2;502.40000000000003;3166.8;2997.4;8364.0;0.0;0.0;12420.0;2504.0;2721.0;6948;10798
318;PUTAENDO;0.0;0.0;83.6;67.0;1059.4;34.800000000000004;44.53333333333333;967;0.0;782.8;499.0;0.0;44.53333333333333;34.800000000000004;44.53333333333333;664.4000000000001;256.0;998.2;221.0;0.0;2023.8;1768.4;239.0;1375;1578
319;SIERRA GORDA;16.0;0.0;29.200000000000003;8.4;32.0;14.600000000000001;0.0;0;0.0;33.0;24.8;29.0;0.0;9.600000000000001;0.0;5.6;38.0;337.0;123.2;0.0;57.0;234.0;108.8;168;138
320;LINARES;0.0;639.0;3606.0;1084.0;6416.0;0.0;0.0;0;0.0;6815.2;2907.0;747.0;0.0;0.0;0.0;4788.200000000001;2970.8;4683.4;1262.0;0.0;6847.6;19745.8;5925.8;5876;9428
321;OSORNO;0.0;2235.0;0.0;0.0;7279.4;4189.2;0.0;0;0.0;4485.0;14028.0;6381.6;0.0;4023.2;0.0;4148.0;3704.6000000000004;8984.0;8235.2;0.0;18405.0;12074.0;11864.6;11591;18359
322;CASTRO;0.0;0.0;0.0;0.0;1825.0;1745.8;0.0;0;0.0;1929.8;4229.0;0.0;0.0;1125.8;0.0;1025.0;1055.8000000000002;6593.4;305.0;0.0;4921.4;4118.6;6023.4;3812;4039
323;MARIQUINA;0.0;0.0;0.0;167.60000000000002;279.8;64.0;0.0;0;0.0;294.6;2258.2;180.0;0.0;0.0;0.0;3502.6;1163.2;3323.0;0.0;0.0;1351.6;3736.2;2148.6;1866;1711
324;GRANEROS;0.0;0.0;850.8;0.0;986.6;2540.6;0.0;413;764.8000000000001;1109.2;1551.8;681.0;0.0;41.6;0.0;4069.8;2156.2;1451.8;0.0;0.0;5020.0;2479.0;1454.8;2360;3378
325;ALHUE;0.0;0.0;0.0;190.8;86.0;145.60000000000002;0.0;0;21.0;361.40000000000003;491.0;0.0;0.0;113.60000000000001;0.0;1097.2;298.40000000000003;517.0;0.0;0.0;347.0;175.2;676.8000000000001;456;397
326;CURACO DE VELEZ;0.0;0.0;0.0;0.0;31.0;7.2;0.0;275;0.0;45.8;975.0;0.0;0.0;56.2;0.0;395.0;0.0;366.6;21.0;0.0;52.0;860.8;282.4;410;197
327;COINCO;0.0;0.0;92.80000000000001;0.0;965.6;63.8;0.0;0;0.0;168.8;317.8;239.0;0.0;8.8;0.0;995.2;324.6;954.2;0.0;0.0;1226.0;1101.2;1248.6;747;689
328;RENAICO;0.0;0.0;483.0;264.4;794.0;0.0;0.0;0;0.0;0.0;590.8;0.0;0.0;383.0;0.0;746.2;882.8;106.0;152.8;0.0;1369.6000000000001;1641.0;894.0;1085;1078
329;CORONEL;0.0;176.0;1888.0;471.20000000000005;5257.2;4416.0;0.0;0;0.0;7417.8;3564.0;3163.0;0.0;1204.0;0.0;4943.6;5254.6;5553.0;7780.200000000001;0.0;9562.8;5124.0;7018.6;7633;12884
330;MALLOA;0.0;0.0;398.4;0.0;155.8;76.2;0.0;0;0.0;486.4;606.6;317.0;0.0;13.200000000000001;0.0;2034.4;104.80000000000001;617.8;0.0;0.0;1115.4;3061.2;4184.8;1411;1397
331;LO PRADO;587.0;0.0;1624.0;339.0;4900.0;3472.0;120.0;0;2155.0;7994.0;2514.4;3959.0;1768.0;303.0;120.0;11990.0;3600.8;3486.8;2559.8;0.0;4601.4;6955.8;2554.6;7122;11769
332;SAN CLEMENTE;773.4;359.8;2594.0;414.2;1975.0;191.0;0.0;0;0.0;1250.8;2253.8;2410.2;0.0;0.0;0.0;778.6;6258.400000000001;1647.0;494.20000000000005;0.0;2499.4;4499.2;3155.2;4027;4897
333;PAINE;138.0;0.0;0.0;777.6;3453.0;3686.0;0.0;0;1744.0;3323.0;2962.6;938.0;522.0;189.0;0.0;211.0;667.8000000000001;3728.0;1432.4;0.0;14899.2;2701.2;11635.8;5661;6047
334;LA UNION;0.0;0.0;0.0;984.0;2318.0;0.0;0.0;0;0.0;0.0;2648.0;0.0;0.0;0.0;0.0;5767.0;1940.8000000000002;3565.4;0.0;0.0;5789.0;4707.6;2708.0;2415;3266
335;COCHRANE;0.0;0.0;151.0;0.0;0.0;0.0;0.0;0;0.0;7.0;109.0;0.0;0.0;0.0;0.0;0.0;337.6;274.0;0.0;0.0;219.20000000000002;561.8;869.0;87;77
336;SAN VICENTE;0.0;0.0;4006.8;0.0;2433.4;984.6;0.0;0;0.0;549.0;6598.4;851.0;0.0;89.60000000000001;0.0;1344.2;3143.6000000000004;2674.2;0.0;0.0;5634.4;5433.4;5033.0;3976;4593
337;CURACAVI;141.6;0.0;162.4;369.6;1943.6;477.8;0.0;663;211.0;988.8000000000001;673.2;0.0;0.0;230.8;0.0;2014.0;461.6;1034.0;291.2;0.0;2842.0;3612.8;2965.0;2379;2613
338;FUTALEUFU;0.0;19.200000000000003;0.0;72.0;568.0;0.0;0.0;211;0.0;0.0;130.0;0.0;0.0;0.0;0.0;0.0;0.0;395.0;0.0;0.0;137.6;491.8;562.0;196;128
339;PAPUDO;0.0;0.0;508.2;0.0;660.6;93.2;0.0;0;0.0;233.0;553.8;0.0;0.0;93.2;0.0;431.20000000000005;0.0;81.0;0.0;0.0;659.0;1680.6;511.20000000000005;475;390
340;ANTUCO;0.0;12.0;600.4;167.2;68.8;0.0;62.93333333333334;78;0.0;44.0;782.0;53.0;2.9333333333333336;0.0;2.9333333333333336;264.2;490.0;257.0;244.0;0.0;159.0;661.4000000000001;188.4;354;318
341;EL CARMEN;0.0;64.6;229.6;55.0;127.0;36.6;0.0;0;96.0;112.6;1142.4;265.0;0.0;46.6;0.0;377.8;873.6;2689.2;392.4;0.0;859.4000000000001;1262.8000000000002;3359.0;1210;853
342;CANELA;254.4;0.0;443.20000000000005;0.0;139.4;0.0;0.0;0;0.0;2531.0;754.8;93.0;0.0;0.0;0.0;1142.2;0.0;59.2;0.0;0.0;315.0;332.2;885.0;593;359
343;COYHAIQUE;0.0;0.0;1109.0;0.0;0.0;1290.0;0.0;0;0.0;4152.8;4045.0;0.0;0.0;0.0;0.0;2119.2;2614.4;3850.0;1770.6000000000001;0.0;3765.2;5899.8;6272.4;4412;5143
344;OVALLE;0.0;908.0;2227.2000000000003;478.6;1389.6000000000001;1640.6000000000001;0.0;0;0.0;8425.4;5807.0;2862.6;0.0;1303.6000000000001;0.0;1818.2;2325.2;4136.0;3965.8;0.0;7340.0;8246.6;7475.4;8791;10715
345;LAS CONDES;2634.0;0.0;4303.0;20962.0;17041.0;1130.0;0.0;0;5294.0;5068.0;5377.0;0.0;0.0;2592.0;0.0;3155.0;1362.0;5039.0;3530.4;0.0;60076.2;34734.2;34232.0;15039;16842
