Comuna;AH;AMARILLOS;DEMOCRATAS;EVOPOLI;FA;FREVS;IGUALDAD;IND;PAVP;PCCH;PDC;PDG;PH;PL;POPULAR;PPD;PR;PS;PSC;PTR;REPUBLICANO;RN;UDI
ARAUCO;0;349.6;1024.8;0;2960;1065;0;1775;0;1225;1014;1279.2;0;237;0;633;2384.4;2618.4;658.8;0;3427.2;3936;3720.4
COINCO;0;0;87.6;0;977.6;59.4;0;0;0;172;315.6;252;0;8.4;0;641.8;334.2;991.2;0;0;1171;1020.4;1229.4
SAN CARLOS;0;309.6;659.2;5126;1008;344;0;1247;0;6198;0;301;0;344;0;883.4;2913;3670;0;0;4949;6336.6;7120.6
LOS VILOS;0;0;296.2;0;1759;0;0;0;0;2663.6;1484.4;240;0;0;0;720;707.8;1043.2;0;0;859;2280;659.8
QUINTA DE TILCOCO;0;0;207.4;0;1095.2;69.8;0;0;0;391.4;1390.8;268;0;10.8;0;1329.6;1922.2;340;0;0;757.6;1890.2;1296.8
SAN FERNANDO;0;78;2793.4;1613.6;2123;3968.8;0;3104;1927.2;3938;2403;832;0;978.8;0;648;2824.2;5096.2;1918.2;0;5978.2;5492.8;5586
CISNES;0;0;0;92;0;0;0;0;0;168.2;728;0;0;0;0;126.4;198.2;589.4;0;0;406.2;1274.6;275.2
QUELLON;0;268;0;0;413;743.8;0;0;0;1576.2;1298;629.8;0;820.8;0;1782;0;1756;1119.2;0;2141.6;3748;3925.2
LA UNION;0;0;0;1016;2077;0;0;0;0;0;2705;0;0;0;0;5807;1996.8;2278.8;0;0;5848.4;4838.6;2594.2
VILLARRICA;0;1822;598.6;640.2;3458.2;447.6;0;2802;0;3497;1956;1047;0;440.6;0;2807;3259.4;856;1493;0;5145.6;8125.2;6186
MACUL;1904;0;0;741;6591;4282.6;605.0666667;0;7281;10258;5252;0;605.0666667;2007.6;605.0666667;3326.8;1986.4;5096;0;0;16652.8;7959.2;6219
RINCONADA;0;0;242;0;0;491;0;174;0;324;272.2;51;0;416;147;191.2;626.6;484.2;151;0;1000.4;2369;723.8
FREIRINA;0;0;272;0;117;338;0;0;0;475.8;806;0;0;94;52;23.2;67.2;599;0;0;126;590.2;775.6
CURACAVI;136.8;0;172;366.4;1982.4;492.2;0;666;201;975.2;704.6;0;0;227.2;0;2043;467.8;1024;312;0;2735;3614;2971.4
SAGRADA FAMILIA;0;114.4;651.6;663;1359.8;711.4;0;0;0;311.6;727;0;0;22.4;0;287;1691;915.4;1142.6;0;1687.6;2522.8;2988
YERBAS BUENAS;0;0;461.2;236;342;106;0;0;0;588.8;1689;165;0;0;0;1997.8;609.6;968;414.4;0;1687.8;2093;4501.8
VALLENAR;0;0;0;0;176.8;6337.6;0;0;0;2065.2;643;1158;0;517.6;254;1117.6;1733.8;6786.8;0;0;2630.8;4176.2;1416
CALERA DE TANGO;23.2;0;248.8;197.6;2174.6;173.6;0;0;544.8;788;401.6;303;187;688.6;0;0;527.2;1496;175.8;0;2910;1783.6;2801.8
PENCAHUE;43.6;66.4;105.8;497.8;137;290;0;0;0;73;1128.6;258.6;0;0;0;941.6;1459.8;163;124.2;0;1605;1192.8;1574.2
LOTA;0;222.2;2427;1139.4;1211.8;330.4;0;0;0;4094.6;2532;2327;0;789.4;0;1505.2;2978.2;3550;2965.2;0;3086.8;5683.6;1319.4
CANELA;257.6;0;420.8;0;141.6;0;0;0;0;2415;706;88;0;0;0;1166.2;0;54.4;0;0;326;334;554.6
HUARA;0;0;52;37.6;80;84;0;0;0;220;94.4;0;0;48;0;38.4;131.2;74;27;0;315.4;698;581.6
MAFIL;0;0;0;227.2;110.6;23;0;0;0;85.8;605;96;0;0;0;720.6;731.2;526;0;0;877.8;1291;615.2
CHONCHI;0;0;0;0;464;75.6;0;0;0;314.6;924;0;0;75.6;0;511;2424.8;1539.6;145;0;650.6;1747.2;2102
RENGO;0;0;2361.4;730;6424.8;1758.6;0;0;1039.4;1811.4;1972.6;2258.8;0;41.6;0;4081.2;2080.6;1663.6;0;0;5792.4;7754.6;835.2
ALTO DEL CARMEN;0;0;0;0;336.8;454.4;0;0;0;95.4;109.6;251;0;80.4;35;92;284;362;0;0;344.6;617;170.2
RIO HURTADO;0;72.8;309.6;0;0;24.8;0;0;0;202.2;297.8;84;0;24.8;0;61.8;144.6;194.2;87;0;431.4;559.4;456.4
VILLA ALEMANA;0;1390;0;660;5782.6;1258.4;986.4;3191;0;5057.8;3350.6;2180.8;986.4;1258.4;1982.4;1804;2847.2;2189.4;2086.2;0;15805;9221.8;4170
LAGO RANCO;0;0;0;0;0;0;0;0;0;252;1078;0;0;0;0;698;0;1231.6;0;0;1141.6;2335.6;1775
RETIRO;0;0;129.6;0;341;0;0;1616;0;763.8;2637;183;0;0;0;921;0;468.4;188;0;1149.8;6526.6;2938.8
PEÑALOLEN;6527.4;0;1916;5122.6;23941;4418.2;1528.8;3003;6136.4;7728;9223;1683;4560.8;1126.2;1528.8;8428.2;3521.8;8344;2750.4;0;18194.6;19419.2;9501
VILLA ALEGRE;0;0;75.2;0;862;883;0;0;0;615;867;529.4;0;0;0;1295.8;706;1027.4;92.8;0;891.6;2719.6;3204.8
LOS ANGELES;0;844.2;12950;1636.2;3644.6;582;4474.6;0;0;4458;13018.4;9178.4;173.6;2501;173.6;3785.6;12548.2;4175.8;7409.2;0;22227.6;13809.2;17392.6
EL MONTE;0;0;176.8;338.4;847;0;0;0;1329.4;2193;1457;434;0;226;0;623.2;1846.4;1668.2;356;0;1952.6;1915.8;4342.8
MOSTAZAL;0;0;284.2;0;1300;235;0;0;502.2;1207.6;764.8;630;0;38;0;623.4;3128.2;4324.2;0;0;2353;1759.8;2357.6
PELLUHUE;0;0;0;1247;0;0;0;0;0;167;1311;0;0;0;0;493.6;1348.8;288.6;95;0;1328.8;1271.8;707.2
LO PRADO;556;0;1491;348;4606.8;3441;124.5333333;0;2089;7251;2478.2;4053.8;1713.533333;298;124.5333333;11964;3528;3711.8;2579.8;0;4500.6;6332.6;2499
HUECHURABA;249;0;1997.2;2616;4861.8;2054.2;0;0;982.2;5349.4;1675.8;2872.8;887;843.2;0;4689;462.4;2434;720.8;0;7379.8;6291;4247
LAS CABRAS;0;0;1368.8;0;659.6;589.8;0;505;0;708.2;1379;476;0;18.8;0;1149;1872.6;7145.2;0;0;2197;1373.4;2504.8
SAN MIGUEL;344;0;1974;2350.2;15129;1723.4;278.1333333;2832;2662.8;8626;2282;1665.4;747.1333333;609.4;278.1333333;582;2838.2;5654;2261.2;0;11485;11285.6;9352.8
FRESIA;0;74;0;75.8;560.2;430.4;0;0;0;87;1281;92.8;0;53.4;0;66;628.8;987.2;0;0;1510;3386.8;911.2
TORTEL;0;0;0;0;0;0;0;0;0;19;47;0;0;0;0;21;0;95.2;0;0;0;239.6;173.4
INDEPENDENCIA;536;0;636;678;5540.4;519.2;115.4666667;0;2547;3880.4;1075.2;1187;1159.466667;502.2;115.4666667;1004.6;906.8;3371.2;1722.8;0;6381;8303.4;5973.8
GRANEROS;0;0;858.8;0;969.2;2235;0;444;819.2;1139;1616.8;691;0;36;0;2476.6;2069.2;1498.8;0;0;5081.6;2316.2;1357.6
RIO CLARO;56.8;521.6;416.4;903.2;136;59;0;0;0;231.8;188.6;155.6;0;0;0;70.2;1280.4;350;372;0;1275.2;4383.6;955.8
CHEPICA;0;0;248.2;248;118;235.2;0;0;0;491;378;376;0;67.2;0;97;1080.2;2425.8;339.6;0;2021.4;1020;3553
ROMERAL;0;83.2;1148.2;1134.4;345.8;180.4;0;0;0;147.2;946;0;0;42.4;0;82;1579.4;1875.4;152.8;0;1716.6;2221.8;1567
CATEMU;0;0;0;0;1090.8;269.2;29.6;0;0;404.4;185.2;0;29.6;269.2;29.6;1722.6;286.4;320;135;0;685;2566.8;154.8
PLACILLA;0;80;375;46.4;79;532.4;0;0;0;236;2071;160;0;286.4;0;33;643.6;964.8;328.6;0;1160.2;1074;653.6
CAMARONES;10.4;0;160;0;29.2;86.2;52;0;0;46.8;217.8;24.6;63;87.2;53;149.8;155.6;36;87.4;0;55.4;95;232.2
LOLOL;0;549;155.6;62.4;362;357.4;0;697;0;384;489;416;0;54.4;0;410;604.2;592.2;68;0;415.4;1089.6;609.6
OVALLE;0;940;1999.2;499.4;1313.6;1643.8;0;0;0;7932.2;5486.8;2822.2;0;1292.8;0;1825.2;2435.6;3916;4131.6;0;7679.2;8619.4;4802
LA REINA;2551;0;0;5763.6;8366;1083;0;0;2999;4219;3186;0;841;537;0;2149.2;1611.2;5668;1390.4;0;14259.8;8098.4;13516
LUMACO;0;0;37;1404.4;575.6;215;0;0;0;6;275;0;0;0;0;674.6;604.4;407;49.6;0;1631.2;625.4;835.6
GUAITECAS;0;0;112;70;0;0;0;0;0;30.8;9;0;0;0;0;238.6;115;10.6;0;0;111.6;374.4;114.4
TALCAHUANO;0;2599.8;3240.6;2127;8564.2;8464.6;3837;0;0;3812;3474.8;5662.4;0;3957.6;0;1402.8;5507.2;5985;10032.4;0;16613.6;4780;9576.8
COLINA;0;0;996.8;3519.8;4028.2;608.4;414.4;0;1041;2867;4318;2190.6;414.4;1669.4;414.4;3845.6;1650.4;3654;0;0;14795.4;14704;9985.6
VILCUN;0;212;1861.6;612;1363.6;142.6;0;263;0;260;519.6;395;0;35.6;0;4538.4;88;180;605.6;0;2055;6821;634.6
COYHAIQUE;0;0;1102;0;0;1282;0;0;0;3980.4;4047;0;0;0;0;2099.4;2661.6;3953;1770.8;0;3750.8;5927;6595.8
RIO BUENO;0;1700;0;177;0;0;0;0;0;0;3107;0;0;0;0;6006;0;2692.2;567;0;3651.6;5122.6;1841.6
SAN JOAQUIN;616.6;0;647;1651.2;6351;4540.2;516.2666667;0;3129.6;8410;3237;0;1888.266667;1408.2;516.2666667;2860.6;2972.6;8804;0;0;12669.2;2404;2615
PEMUCO;0;57.2;198;44;146;28.2;0;0;57.6;69.4;1173.4;109;0;40.2;0;66.4;67.2;644.4;489.8;0;296;1858.4;1656
CUREPTO;27.2;61.6;1060;64.8;102;324;0;0;0;53.8;418;213.8;0;0;0;2071.2;1069.4;383.8;65;0;547.4;1407.8;1330
QUIRIHUE;0;41;0;227;0;659.2;0;1018;203.8;104;1240.6;77;0;5.2;0;17.6;2638.6;729.6;57.2;0;80;867.6;1852.2
SAN PEDRO DE LA PAZ;0;1831;2913.8;7725.4;6850.8;5405;0;0;0;4461.6;3180;2037;0;1215;0;3670.6;2972.6;4990;8808.2;0;14391.8;8454.8;5253.6
PICHILEMU;0;129;0;233;2456;1508.6;0;0;0;252;1082.4;131.2;0;125.6;0;98;2360;1759;0;0;322.6;2994.4;4902
FLORIDA;0;644.8;594;775;238;103.6;177.2666667;136;0;210;293;1105.8;12.26666667;29.6;12.26666667;0;912.2;917;697;0;636.8;990.4;1309.4
CONCEPCION;0;3421.6;3346.8;3886;11017.8;5751.6;13135.53333;4547;0;11291;15695;3385;308.5333333;603.6;308.5333333;1432;4477.8;3966;18900.8;0;22683.8;9748.8;15846
CURANILAHUE;0;34.4;688.8;0;692.8;285;0;0;0;7403;2104;275;0;0;0;2048;82.4;1536;543.2;0;3849.8;3834.4;4192.2
QUINCHAO;0;0;0;0;607;169.8;0;0;0;134.8;1385;0;0;16.8;0;521;0;665.8;74;0;906.2;1354.8;535.4
SAN JAVIER;0;895;304;0;2303;1427;0;0;552;2334.8;1573;573;0;0;0;2555.6;1176.8;2070;1481.6;0;4147.4;7057.2;10587.8
RENCA;405;0;5418;715;10897;2770;0;0;1599.2;8433;3178;2263;1339;687;0;4189;7664.8;6880;3724.2;0;10145.8;5283.2;11407.6
NOGALES;0;0;0;0;310.4;526.6;0;0;0;1832.4;757;446;0;145.6;172;1028.4;1190.6;1254.6;551.2;0;1353.2;1732.2;1747
SANTA JUANA;0;32;301;102;265.4;1931.2;0;0;0;242.6;648;254;0;31.2;0;419.6;273.2;484;2833;0;795;1393.2;2006.8
DIEGO DE ALMAGRO;0;451.4;0;0;494;304.2;33.06666667;0;0;1199;99;743;33.06666667;125.2;33.06666667;48;178.4;560;0;0;538;1385.2;0
VITACURA;569;0;490;14895.2;962;795;0;0;1185;1411;2564;0;0;266;0;672.4;0;749;1021.6;0;18082.6;14194.4;11712
CONCHALI;399;0;2540;534;3442;2028.2;0;0;3710.6;7083.2;3803.2;3000.6;4223;559.2;0;3951;662.4;2156;1121.6;0;12276.6;6404;4404.6
PALENA;0;3.2;0;201;239.4;0;0;0;0;0;108;0;0;0;0;0;0;453;0;0;112.8;466.4;16
ALTO BIOBIO;0;177.6;118;164;180.4;223;72.66666667;0;0;96;179.6;315.6;6.666666667;130;6.666666667;240.4;592.8;164.6;651.8;0;345.4;432.2;267.8
BUIN;358.8;0;720;582.4;3457;2768.2;0;0;2717.8;4001.2;4312;1519;1884;748.2;0;2394.4;2029.8;2542;1490;0;9326.6;6886.6;9007
OLLAGUE;8;0;117;37.2;0;102;0;0;0;12;158.6;20.6;0;0;0;9;5;83.2;13;0;17;84.8;231.2
DOÑIHUE;0;0;367.2;0;1000.6;663;0;0;335;740.8;639.8;416;0;22;0;2180.6;3253.4;962.4;0;0;1244;1645.6;3547
PARRAL;0;344;206.4;851;2553;0;0;0;0;1002.6;2582;347;0;0;0;2782.8;0;421.8;1792;0;6719.8;6630.8;4126.8
RAUCO;0;163.2;331.4;363.6;182;1092.6;0;132;0;101.6;919;0;0;27.6;0;363;2056;509;445;0;677.6;1020;1115
LOS ALAMOS;0;99;3508;0;505.2;137;0;0;0;1223;763;187;0;0;0;118;584;1788.8;1082.8;0;2460.8;3223.8;1617.2
CURARREHUE;0;0;73.2;32.2;127.8;47;0;243;0;72;360.2;93;0;8;0;638;33;515;32.8;0;798.6;2800.4;400.4
CASTRO;0;0;0;0;1703;1733;0;0;0;1963.4;4224;0;0;993;0;944;1080.8;6637.4;316;0;4963;3980;5712
PAIHUANO;37.6;44.2;167;27.6;98.2;37.8;0;0;0;211.2;481.2;77.8;0;16.8;0;266.8;15;301.4;38.8;0;192;1063.6;425.4
LOS SAUCES;0;0;293;371.2;103.2;0;0;0;0;0;544.2;485;0;0;0;284.4;488;45;150.4;0;481.8;1058.2;1724
SAN CLEMENTE;799.4;353.8;2509.4;431.8;1989;199;0;0;0;1306;2297.8;2352;0;0;0;807;6547.8;1606.4;470;0;2594.4;4742.2;2952.2
MACHALI;0;0;2618.8;460;2405.2;752.6;0;1136;0;3300.2;3235.4;3172.6;0;65.6;0;1909.8;2238.2;1795;735.8;0;6737;3215.4;2457.2
MELIPEUCO;0;0;251.2;282;121.6;62;0;73;0;78;435.8;85;0;275;0;892.4;754.8;87;50.4;0;441.6;586.6;1098.2
SAN ROSENDO;0;84.8;645;45.6;40.2;13;38.33333333;0;0;43;663;39;5.333333333;151;5.333333333;144.4;750.4;272;37.6;0;147.6;834.4;175
PICA;0;0;112.8;23.2;168.4;23.2;0;0;0;53;771.2;659;0;3.2;0;192.8;75.2;123.6;49;0;345.4;1184.2;422.2
ESTACION CENTRAL;371;0;803;1096;7912.6;1942.4;579.4666667;0;3307.4;8674.2;4287.6;1384;579.4666667;1333.4;579.4666667;1951;2395;4582;0;0;10737.4;7158;7596.2
PADRE HURTADO;297;0;761;454.4;3847.6;0;0;0;2182.8;2683.2;1926;2805.2;0;3098;0;478;3013.6;7815;0;0;7893.6;5735.6;6229.2
COLBUN;0;82;637;1386;1084;268;0;0;0;977;280;175;0;0;0;3236.8;506.4;946.4;1680;0;2135.8;2226.6;1986
JUAN FERNANDEZ;0;0;0;0;250.4;3.2;1.866666667;0;0;17.4;9;7;1.866666667;3.2;2.866666667;7.4;0.8;4;4.8;0;16;100.2;6.2
CALDERA;0;188.4;55.8;0;276.2;652.4;147.0666667;0;0;1088.8;188;219;89.06666667;132.4;485.0666667;824.8;694.6;643;109;0;777.8;2154.2;1357.6
CAUQUENES;0;0;428;0;2471;0;0;520;0;771;2785;0;0;0;0;1551.6;2680.6;2564;629.4;0;4395;10418.4;6157.8
MEJILLONES;62;0;98.8;64.4;195;128.4;0;0;0;764.2;619.4;194;260;84.4;0;1146.8;87.2;407.2;150.6;0;547.2;944.8;92.2
PUREN;0;0;676;1665;571.4;647;0;137;0;0;1209;190;0;0;0;1238;811;614;305.6;0;572;1380.2;609.6
CALAMA;1675.8;0;6576.6;3603.6;643;8808.6;894.8666667;0;0;3166.8;5540;6980.2;566.8666667;813.6;501.8666667;948.4;5104.4;4348.4;3141;0;10267.2;5430.6;3310.2
LAUTARO;0;1501;2904;465.4;1038;149;0;0;0;515;1837.8;1877.4;0;899;0;1829.2;1845;1055;1661.2;0;3615.2;4629.8;2899.4
MAIPU;2000;0;8630;6190;100968;3353.6;1504.266667;0;13548.2;27427;15298;12601.4;7694.266667;14327.6;1504.266667;5281;6746.8;7890;4471.6;0;56159.8;23508.6;21515.8
HUALPEN;0;358.4;3029.6;1295;2066.6;4181.2;1386;547;0;3088;4818.2;2799.8;0;449.2;0;6257.2;6860;2866.8;8383;0;6048.8;3107.6;3786.2
PEÑAFLOR;467;0;1170;1041.6;4964.4;0;0;5809;2892.2;7696.2;7147;3530.6;0;566;0;758;4718.2;4571;731.2;0;7083.4;2021.6;11254.2
LO BARNECHEA;3166;0;400;10051;1431;400;0;0;1691;937;807;0;0;503;0;884.8;0;1168;1212.8;0;21058.2;16182.6;15181
CURACAUTIN;0;0;100;1173.4;987;0;0;360;0;0;1145.6;0;0;261;0;871.6;1610.8;739;2049.2;0;2285.6;1274.8;791.2
SAN ESTEBAN;0;77.6;187;0;302.4;811.2;0;0;0;1110;796.2;0;0;811.2;199;654.6;0;1137;295;0;1107;2317.2;1578
LOS MUERMOS;0;256;0;110.4;279.2;73.6;0;4222;0;421;676;233;0;85.6;0;568;0;527.4;0;0;1078;2075.6;3989.4
TILTIL;0;0;194;111;1290.8;0;107.4666667;0;101;1564;1184;583.6;107.4666667;622;107.4666667;1087;361.6;953;365.6;0;2144.4;1190.8;1848.8
OLIVAR;0;0;169.6;0;134.6;135.2;0;0;508.8;475.4;498;376;0;17.2;0;930.6;1548.6;2123.2;0;0;1357.4;1510.6;1184.4
LANCO;0;0;0;1664.4;166.2;39;0;0;0;173.4;1643.8;116;0;0;0;943.8;978.2;1796;0;0;1953.4;2125.2;1183.6
SAN VICENTE;0;0;3885.6;0;2217.2;1001.8;0;0;0;523.8;6568;840;0;92.8;0;1346.6;3003.4;2665.4;0;0;5743.4;5154.4;4577.6
MELIPILLA;0;0;1151;3933.6;12330;5543.2;0;1698;0;4613.6;2041;2994.4;888;1103.2;0;8775.4;3122.2;3878;2839.8;0;12366.6;7883.8;12691.2
PUTAENDO;0;0;85.6;66;746;34.4;47.46666667;988;0;771.6;496.4;0;47.46666667;34.4;47.46666667;675.2;250.4;912.8;225;0;1862;1805.2;242.8
ILLAPEL;0;0;1021.2;0;2217.6;175;0;0;0;932;5527.4;820.4;0;0;0;1653.2;711.2;2136.8;0;0;765.8;1209;1121.4
TORRES DEL PAINE;0;0;0;139;73.6;0;0;306;0;0;190;56;0;0;0;0;19.2;109.8;0;0;77.8;96.8;272.6
COLTAUCO;0;0;125.2;0;1065;726.4;0;0;0;614;695;290;0;12.4;0;1123;2889.8;1873.8;0;0;475.8;3278.4;2694.4
PUERTO MONTT;0;6037;0;2770.8;15936.8;4627.6;0;0;0;5631;7590;7536.2;0;7178.6;0;7140;3351.2;13288.4;5272.2;0;25822.4;24134.6;17147
QUILLON;0;150.6;1627.8;68;729;63.8;0;160;224;524.6;1512;249;0;221.8;0;824.2;984;533.6;284.4;0;2900;2634.8;931
ARICA;2940.2;0;6312.8;392;3223.8;4177.2;673.3333333;0;0;6583;5266.2;6838.6;5583.333333;4656.2;1381.333333;1724.8;4162.6;6050.4;3281.2;0;21240;10644.2;6370.2
PUQUELDON;0;0;0;0;73;260.4;0;0;0;79.4;217;0;0;14.4;0;222;0;375;35;0;966.4;680;362.2
CONCON;0;199.2;393;2727.2;3096;297;252;0;0;1234;2121.6;575;252;0;252;967;2076.6;808.6;1169.2;0;7407.4;4179;3138.6
PUERTO VARAS;0;1775;0;2735.6;3474.8;341.6;0;4423;0;444;3169;3211.6;0;1605.6;0;2144;0;3788.6;0;0;6281.2;3628.4;3161.8
QUINTA NORMAL;368;0;1127;3497;7471.8;1103;167.4666667;0;3028.8;5473;3411;1552;771.4666667;694;167.4666667;2216;3893.6;11716.8;1050.8;0;11252.2;8673.8;8027.4
CHILE CHICO;0;0;204;0;0;145;0;0;0;362;842.6;0;0;0;0;219.2;494.6;488;0;0;302.4;481;627
HUALAIHUE;0;83.2;0;227.2;1075.2;0;0;0;0;0;1023;95;0;0;0;0;456.6;842;0;0;699.2;1665.6;1906
PERALILLO;0;0;159.2;717.2;116;423.8;0;0;0;353;809;152;0;38.8;0;309;974.2;1710.6;95;0;2099.6;1074.6;1077
PAREDONES;0;0;572;125;307;415;0;0;0;159;673.6;38.4;0;72;0;266;780.6;183;313.6;0;491.6;1057.8;1669
TALCA;1769;2805.2;4297;12012.4;7027;4502;0;0;1991.6;13026.8;7848.4;5920.8;0;0;0;2429;6930.6;7738.6;5998.8;0;17394;27983.8;9570
CALLE LARGA;0;0;140;0;451.2;654.6;0;202;0;436;485.6;102;0;388.6;297;132.8;0;1762.8;227;0;712.8;2231.2;496.4
RANCAGUA;0;1666;0;862;11370;6329.8;0;0;9453.6;11853;6611;4542.2;0;1820.8;0;5788.8;6413.2;10433;7004.2;0;34369.6;13342;11678
TEMUCO;0;8031.4;4985;3883.6;15439.4;7564.4;0;5755;0;3883.4;7928.6;8954;0;3962.4;0;11400.4;7839.8;14634;11631.2;0;29002.4;26171.6;9171
GALVARINO;0;0;1198.2;89.4;2045.4;251;0;0;0;112;414;181;0;255;0;550.2;34;713;386.2;0;1357.4;2744;481
TRAIGUEN;0;0;143;1251.4;814;0;0;0;0;0;629.4;0;0;694;0;3134.6;926.2;296;1318.2;0;1559.4;2365.8;259.8
QUILLOTA;0;879.2;252;0;502.4;1785;153.3333333;1200;0;4791.2;3346.6;2387;153.3333333;480;1462.333333;3248.6;4832.6;2012;3412;0;7250.2;6432.4;3596.6
FUTRONO;0;0;0;283;163;0;0;456;0;0;575;230;0;0;0;3112;1072;746.2;0;0;1106.6;1822.8;3171.8
PUNITAQUI;0;227.2;965.2;242.4;365.8;260;0;0;0;535.6;674.4;444.8;0;102;0;427.4;228;412;251;0;466.6;628;462.4
ALGARROBO;0;0;224.8;0;788;0;65.33333333;312;0;693.2;1332.4;314;65.33333333;0;157.3333333;116.8;311.2;513.2;154.4;0;2169.2;1748.4;2457.4
PALMILLA;0;241;455.8;461.6;133;297.2;0;0;0;424;1066;206;0;47.2;0;130;889;1016;155;0;1865;1167.2;2111.8
RIO IBAÑEZ;0;0;0;0;0;0;0;0;0;0;154.4;0;0;0;0;342;264;243;0;0;0;1037.6;886
TEODORO SCHMIDT;0;541;468;554;208.6;945.4;0;0;0;297;579.4;145;0;14.4;0;1007.2;1582.2;116;64;0;1639.6;2227.4;2277.6
COCHAMO;0;108;0;36.8;133.8;30.4;0;294;0;84;99;52.2;0;28.4;0;257;345.6;49.6;15;0;519;604.2;320.6
SANTO DOMINGO;0;0;0;557;396;0;21.86666667;0;0;104;2470.4;128;21.86666667;0;63.86666667;0;1458;153.8;248;0;1686.8;1657.8;988
NAVIDAD;0;187;274;181;1753;890;0;947;111.6;992;410.4;87.2;0;56;0;332;443.2;460;0;0;0;725.2;1057
PIRQUE;202;0;310.4;374;1133.6;133.2;48.26666667;0;854;2751;476;320;267.2666667;874.2;48.26666667;1244;2432;1236;470.6;0;3767.4;3047.6;1042
SAN BERNARDO;2102;0;3868;3266.4;13114;2739;0;0;7549.8;11427;5326.8;10090.2;5045;2063;0;1856;5582.2;22783;9429.8;0;30451.6;13767.6;13280.2
PAILLACO;0;0;0;290.8;1433.2;1069;0;0;0;2920.8;1275;194;0;0;0;242;731.8;2056;0;0;2247.6;3777.4;446
VICTORIA;0;230;1234;3197.4;1385.8;0;0;0;0;58;938.4;0;0;1451;0;1789.4;1669.2;1251;1826.2;0;3027;2770.6;5203
TUCAPEL;0;28.8;165.8;143;1208.2;0;117.4;748;0;386;1067.8;164;14.4;0;14.4;461;995.8;245.4;165.4;0;662;3834.6;707.2
PENCO;0;163.2;1328.6;211;2513;3553.6;1245;0;0;1617;3409.4;1766.6;0;133.6;0;278.4;993.6;3089.4;5303.8;0;6644.2;673.4;7609.6
SAN FELIPE;0;310.4;1189.8;361.6;3226.8;939.2;178.9333333;1145;0;2657;1041.8;509;178.9333333;939.2;178.9333333;2770;3088;2485;1748.8;0;4760;7307.4;2055.2
ANCUD;0;742;0;0;1700;1758;0;0;0;1272.4;2509;0;0;2064;0;1860;1394.4;4077.4;2059.8;0;4080.2;3746.2;3413
ANTARTICA;0;0;0;0;4.4;0;0;9;0;0;2;0;0;0;0;1;0;1;0;0;17;18.8;10
VICUÑA;179.2;195.4;365;956.2;1801.2;529.4;0;468;0;746.4;809.2;433.2;0;248.4;0;646;673.4;1594.4;508.8;0;971.8;2056.2;1880.2
QUILICURA;921;0;3146.4;2297;10487;7934.2;0;0;7605.8;10398;5196;7409.6;5276;5276.2;0;4323;5781.4;2182;3721;0;15587;9486;4910.6
LA CRUZ;0;347.2;0;0;606.4;309;0;0;0;718.8;599.6;268;0;76;140;548.8;386.4;2240;832.8;0;1975;1887.4;1481.2
MARCHIGUE;0;0;0;183;577;25.6;0;0;0;94;117.2;38.4;0;25.6;0;401;768;946;0;0;806.4;718.4;3057
LONQUIMAY;0;146;517;260.6;171.2;0;0;1125;0;0;839.8;531.6;0;816;0;293.6;390;963;878.4;0;223.4;636.8;1563.6
EL TABO;0;0;0;82.4;700;92.8;68.53333333;0;0;665.6;900.8;523;68.53333333;92.8;187.5333333;378;1211.2;1098;176.8;0;1814;1488;1619.4
YUMBEL;0;110.4;2179.6;645.8;1050.4;1870;116.4666667;0;0;545;1684.2;179;15.46666667;0;15.46666667;835.6;1292.2;1977.4;199.6;0;2093.8;3390.2;401
DALCAHUE;0;0;0;0;2198;403.4;0;0;0;628.8;1129;0;0;62.4;0;1433;887.2;795.2;157;0;744.4;2280;1257.4
LAJA;0;37.6;831.8;123.2;223.2;359;195.4666667;490;0;160;624.2;198;19.46666667;0;19.46666667;131.6;3393;2921.6;325.4;0;1845.6;3793.8;2120.2
VALDIVIA;0;3699;0;3733.6;20208.6;4354;0;0;0;7070.8;7276.2;1371;0;0;0;6077.8;2488.4;15175;4126.2;0;19589.2;13870.4;3992.8
TOCOPILLA;0;0;124;0;1102.8;2664.4;0;0;0;744.2;1527.4;120;0;664.4;0;1169.2;254.4;294.2;1222.6;0;288;1231.6;986.4
SIERRA GORDA;16;0;31;8.4;32;11.2;0;0;0;32;25.8;33;0;7.2;0;5.6;38;338;120.8;0;61.8;228.2;113.8
PADRE LAS CASAS;0;904.6;1287;2777;3423.6;3184.2;0;0;0;3554.6;2866.2;621;0;1694.2;0;3763.2;2073;753;4724;0;8460.4;6460.4;1691.2
LAS CONDES;2645;0;4314;21620.6;17337;1145;0;0;5439;5141;5445;0;0;2603;0;3186.4;1379;5409;3486.6;0;61057.4;35108.6;34974
LA PINTANA;2806;0;4466;2003;6009.8;6618.6;506.9333333;0;5324.6;7581;8143;3566.4;6435.933333;432.6;506.9333333;2524.6;5490.6;7645;4269.4;0;10937.6;6685.6;5476.6
EL QUISCO;0;0;119;0;1089.6;0;66.93333333;277;0;2070;607.8;259;66.93333333;0;166.9333333;259;885.6;637.4;135.8;0;1520;1246.8;2037.8
OLMUE;0;134.8;0;455.8;578.8;112;269.6;0;0;555.6;1050;0;269.6;112;269.6;288.6;1271.4;580;192;0;2339.2;1791.2;928.6
LAGUNA BLANCA;0;0;0;85.6;22;0;0;234;0;6;22;0;0;0;0;97.2;6.6;163;9.4;0;16;23.2;112.4
QUILLECO;0;21.6;439.6;69.6;1008.8;0;61.53333333;0;0;61;2005.8;106;8.533333333;0;8.533333333;207.2;798;591.6;259.6;0;1239.6;913.8;662.2
ANDACOLLO;96;83.4;1173.6;59;168.6;49.6;0;185;0;929.4;644.2;213.6;0;23.6;0;56.6;29;1007.4;558;0;479;740;615.4
PORVENIR;0;0;0;392;0;0;0;755;0;297.4;629;0;0;0;0;771;879.4;51.4;0;0;505;37.6;0
PUENTE ALTO;3006;0;14143.4;7220;28847.8;3379.6;920.2666667;9981;21861.8;42639.6;2696;16743.4;9858.266667;10858.6;920.2666667;7360;2617.2;15564;18148.6;0;32713;42894.2;12173
ANTOFAGASTA;2414.2;0;5389.2;9568.4;13271;7566.2;0;0;0;14511.8;6149;13227.2;0;2786.2;0;3884.4;10255.8;7859.8;8980.8;0;26466.2;12736.2;9576
PURRANQUE;0;0;0;0;1035.6;97.6;0;356;0;251;3369;672;0;97.6;0;58;326.4;1368;677.2;0;3365.8;1341.6;1430.8
PANGUIPULLI;0;0;0;517.4;1613.4;154;0;0;0;956.8;629.8;1101;0;0;0;1028.2;3049.6;2624;0;0;3527.2;6542.6;2917.6
PANQUEHUE;0;0;0;0;286.4;66;19.73333333;171;0;115;201.6;0;19.73333333;66;19.73333333;814.4;407.2;473;95;0;598.6;726.6;811.6
ISLA DE PASCUA;0;0;0;1290;0;0;0;124;0;20;303.2;0;0;0;0;324.8;166.8;718.6;0;0;44;719.4;0
PITRUFQUEN;0;452;362.6;158.2;1205.8;590.8;0;0;0;280;748.8;254;0;604.8;0;863.4;3784.6;671;132;0;1363;2483.2;7280.4
TALTAL;28;0;108.4;215.4;280;66.2;0;0;0;635.2;621;135;0;23.2;0;242.2;940.2;795.2;699.6;0;282.4;736.8;299.2
YUNGAY;0;185.8;88.6;594;335;64.8;0;0;164.8;368;1275.8;600.2;0;72.8;0;792.8;2604.6;2628;197;0;1359.6;1867;986
TALAGANTE;0;0;0;2458.8;6347.2;0;0;0;2050.4;3454;1876;903;0;1019;0;148;2430.6;11673;1767.8;0;9557.6;1301.8;7714.2
CABILDO;0;0;166;0;80;1013.6;0;0;0;1891.6;1877.8;0;0;705.6;0;1543.8;730.4;233.2;0;0;2272;1836.6;0
RIO VERDE;0;0;0;31.4;19;0;0;37;0;7;20;0;0;0;0;7.4;6.4;8;7;0;209.2;88.8;44
GENERAL LAGOS;0;0;55.2;0;5;14.4;1.066666667;0;0;0;105;97.8;1.066666667;14.4;1.066666667;57.6;0;4;0;0;72;199.8;125.6
CUNCO;0;0;1497;248;864;471.2;0;0;0;473;749.8;286;0;27.2;0;780.4;1398.4;429;124.8;0;2446.8;2880;1789.4
CONTULMO;0;16;378;96;297.8;88;0;0;0;241;247;59;0;0;0;127;594.4;210;256.6;0;1164.8;558.2;511.4
CASABLANCA;0;0;48;443.4;3908;256.4;70.66666667;0;0;456;1190.4;482;70.66666667;256.4;214.6666667;315.4;678.6;822;350.2;0;1942.8;2390.2;2471.8
COLLIPULLI;0;259;705;263;917.2;0;0;0;0;1602;226.6;0;0;0;0;1281.2;1124.6;2781;935.8;0;3301.6;3778.2;1676.2
PINTO;0;152.8;139.2;46;154;46;0;80;123.2;301;779.8;210;0;49;0;154.6;539.8;350;951.4;0;2015.2;1089;3581
CHOLCHOL;0;290;513;1006.6;490.6;835.8;0;0;0;142;606.8;682.8;0;12.8;0;426.2;744.2;700;71.2;0;2069;707.2;2023.2
NUEVA IMPERIAL;0;1152;441.8;207.2;1713.8;691.6;0;1986;0;287;1326;386;0;1128.6;0;2292.2;1458.8;1181;1755.2;0;2077.2;2900;5388
TENO;362;136.8;741.6;1457.6;321.8;1464.8;0;0;0;406.8;3640;0;0;42.8;0;682;3436.2;344;239;0;4702;2496.4;2833
COIHUECO;0;243.2;96.8;167;234;482.4;0;370;0;1004;587;753.8;0;72.4;0;462.8;4172.2;435;1134;0;2468.8;5263.2;2315.2
CHILLAN VIEJO;0;322.2;783.8;107;378;539.2;0;0;360;1124.2;1493.4;1334.8;0;152.2;0;654.8;3410.6;2152.2;1180.6;0;2301;1036.2;2349
LITUECHE;0;0;0;1043;722;624.6;0;930;0;261;920.8;84.8;0;67.6;0;347;84;539;0;0;616.2;627;1649
LA FLORIDA;6339.2;0;2980;6692.6;14254;4758.4;1518.933333;0;11021;26772;10113;0;3871.933333;2060.4;1518.933333;9754;4786;11770;5254.4;0;31954.2;42753.4;15762
LICANTEN;0;46.4;754.8;914;78.6;77.8;0;0;0;44;95;121.8;0;12.8;0;168;1549;194.8;74.4;0;541.6;399.2;1464
ANGOL;0;3639;954;3170.4;1526;0;0;0;0;456;7987.8;0;0;0;0;2657.8;1387;2312;1416;0;5078;7022.4;2603.4
SAN ANTONIO;0;160;132;524;4708.4;922.8;345.3333333;0;0;3809.4;6511.6;1356;345.3333333;922.8;2539.333333;590;5914.2;4222;621.6;0;5511.6;7841.4;2301
CABO DE HORNOS(EX-NAVARINO);0;0;0;0;93.6;0;0;475;0;0;242.6;0;0;0;0;51;0;160;0;0;104;265.8;122
RENAICO;0;0;464;269.6;793.6;0;0;0;0;0;599.4;0;0;386;0;711.2;896.6;100;157.6;0;1400;1599.8;900.4
LLANQUIHUE;0;591;0;160.2;2595.8;323.2;0;195;0;391;948;447;0;294.2;0;385;1470.4;2292.2;787.8;0;1577;395.4;1170.4
COCHRANE;0;0;147;0;0;0;0;0;0;7;102;0;0;0;0;0;335.6;263.6;0;0;232.8;580.6;885.8
SAN PABLO;0;371;0;0;399.6;65.2;0;0;0;190;889;175.8;0;65.2;0;931;574.4;1098;308;0;944;1513;1555.4
SAN FABIAN;0;18.4;420.8;85;43;18.4;0;188;0;107;456;0;0;18.4;0;832.2;639.6;215;0;0;205;378.4;1580.6
LONGAVI;0;0;220;0;1230;181;0;0;0;979;648;634;0;0;0;1898.6;2893;841;237.6;0;5961;2062.4;7800.2
PUYEHUE;0;0;0;0;675.6;70.8;0;1041;0;714;1666;559.4;0;70.8;0;196;0;1776;223.8;0;877.8;1501.6;1546.8
RANQUIL;0;31;0;417;0;105.6;0;0;427.2;0;769.2;79;0;7.6;0;687.8;734.4;213.8;130.6;0;145;614.2;1644.6
FRUTILLAR;0;524;0;566.6;834;93.4;0;365;0;404;3460;215.6;0;298.4;0;441;870.2;1290.8;0;0;2615.2;2201.6;2768.2
TOME;0;180;1276.2;1137;1382;1674.4;1122;601;0;3314;9072.4;2414.8;0;292.4;0;1332.8;1454;2536.6;2332.8;0;6235;2641;5947
NACIMIENTO;0;117.6;727.4;736;1689;0;139.4666667;321;0;339;2683.2;939;19.46666667;91;19.46666667;556;3288;721.2;1127.2;0;2932.2;750.8;3574.8
AYSEN;0;0;601;1720;0;416;0;0;0;364.6;1555.8;0;0;0;0;1813.4;1362;1383.8;0;0;1718.4;2746.8;3442
ERCILLA;0;0;324;468.8;279.2;723;0;646;0;0;164;0;0;133;0;388.6;502.8;711;88;0;569.6;1128.6;705.2
CARAHUE;0;428;583;2039.2;440.4;322;0;0;0;187;3665.4;296;0;26;0;2607;103;791;136.8;0;1690.4;2474.2;5639.4
MOLINA;479;148.8;1083.4;298.8;2908.4;2739;0;0;0;475.2;1910;0;0;76;0;2872;4075.8;5373.2;343.8;0;5712;3818.4;6713
LAMPA;0;0;1062;2017;4813.2;762;649.3333333;0;853;4479;5314;3272.2;649.3333333;2756;649.3333333;810.2;3952;5122;0;0;14453.4;6281.2;3559.4
NEGRETE;0;21.6;502.8;53.6;115.2;0;186.7333333;294;0;72;1524;130;7.733333333;0;7.733333333;38.4;1267;1113.6;164.8;0;726;885.8;1813.8
COLCHANE;0;0;568.8;4.8;8;102.8;0;0;0;7;189.6;103;0;86.8;0;0;28.8;11.6;12;0;92.8;354;118.6
LAGO VERDE;0;0;0;0;0;0;0;0;0;53;59;0;0;0;0;156.6;190;111;0;0;83;229.4;320
PAPUDO;0;0;505.8;0;449;99.2;0;0;0;229;555.8;0;0;99.2;0;429.6;0;76;0;0;608.8;1671.8;493.6
QUILPUE;0;2272.8;531.2;0;11018;1543.6;1439.466667;0;0;4345;4629.2;2070;1439.466667;1543.6;1439.466667;1818;5185.4;3866;2928.8;0;18721.6;13021;4533.8
CHIGUAYANTE;0;616.6;5492.2;471;2701;3659.4;1147;1138;0;3504.2;2441;3160.4;72;980.4;72;1233;2219.8;6917;4353.8;0;8384.4;3560.8;4244.8
LINARES;0;619;3537.6;1068;6431;0;0;0;0;6745;2729;778;0;0;0;4889.6;2968.6;4765.2;1262.6;0;6930.8;20015.2;5770
MONTE PATRIA;0;238.4;643.2;0;867.2;1261.2;0;0;0;1638.6;1732;1189.6;0;1261.2;0;847.2;2359;1135.8;258;0;1278.8;655.8;1427.6
TIERRA AMARILLA;0;388.4;56;0;395.4;456.8;125.2;138;0;747;453.8;216;67.2;178.8;94.2;936.4;197;350.8;214.8;0;489.8;1371.8;841.4
SAN JUAN DE LA COSTA;0;131;0;295;672.2;54.8;0;0;0;84;1585;359.8;0;54.8;0;113;263.2;1610;176.8;0;462.2;1459.6;1005
LO ESPEJO;1138;0;1804;2016.4;9765.8;4688.2;261.0666667;0;2659.8;16276;2683;0;261.0666667;488.2;261.0666667;2139.2;3286;4007.2;2985.4;0;3510.4;4944;3022.2
LA SERENA;2505.6;2152;3916;2393.4;8905.4;2500.8;532.5333333;0;0;11131.4;7950.8;6351;532.5333333;1412.8;532.5333333;2402;6521.6;7304.8;4502.2;0;18040.2;15260.2;7756
ZAPALLAR;0;0;391.6;210;0;467.6;0;0;0;338;412.6;0;0;467.6;0;129.8;0;558.6;0;0;1215.6;2486.6;684
SANTA BARBARA;0;21.6;312.2;548;131.8;0;125.1333333;0;0;300;1074.4;707.4;14.13333333;0;14.13333333;140.2;1396;1424.4;313.4;0;1269;1053.4;1555
ÑIQUEN;0;311.6;182.2;123;0;60.4;0;0;0;365;867;0;0;60.4;0;351;908.2;1794;0;0;1873.2;1181.2;1919.8
HIJUELAS;0;0;0;0;364.8;521;46.66666667;0;0;472;540.8;1160;46.66666667;0;191.6666667;301;138;1611;277.6;0;1331.8;1946;1353.6
PROVIDENCIA;635;0;1060;11594.6;20188;1052;0;0;4715;8793;4679;1789;0;1639;0;6240;0;6029;2579;0;17595.2;14430.6;26677
SAN RAMON;343;0;3334;892;6600.2;1676.8;246.1333333;0;2745.8;5412;4692;0;2967.133333;318.8;246.1333333;2203.6;2823;4315.6;2873.4;0;8235.2;5112.4;2201.4
TIRUA;0;19.2;45.2;0;488;130;0;0;0;499;386;99;0;391;0;1111;583.2;360.6;858.4;0;1241.2;611.4;619.4
QUEMCHI;0;0;0;0;639;37.6;0;0;0;203.2;558;749.2;0;37.6;0;164;0;417.2;79;0;1298.4;1111;1128.2
LA GRANJA;769.8;0;1450;838.4;5859;4308.2;648.5333333;0;4095;4800;9071;2327.4;1094.533333;4787.2;648.5333333;1922.4;2538.2;8160;1682.4;0;10469.8;5078.2;3933
LEBU;0;112.8;1162.2;0;1268.6;256;0;0;0;1227;1820;287;0;0;0;0;1951.2;1023;664.8;0;3176.8;2454.4;2914.6
SANTIAGO;1924;0;5688;6751;20815.4;3075;411.4666667;0;9492.6;37212;6984.6;8856.8;4845.466667;4162;411.4666667;2895;3097.6;8570.6;5248.2;0;32646.2;39719;16230.8
CAMIÑA;0;0;64.8;13.6;12.8;207;0;110;0;10;174.4;0;0;2;0;3;391.2;39.4;225.6;0;61.4;460;253.2
VICHUQUEN;0;8;231.8;73.2;37.4;18;0;0;0;16;134;0;0;4;0;291;653.8;431.4;14.6;0;272.2;1736.2;832
CHAÑARAL;0;116.8;385.8;0;291.2;659.8;29.6;0;0;1566.8;107.8;407;29.6;334.8;29.6;197;497.4;410.4;0;0;350;1359.4;487.2
CHANCO;0;0;0;0;0;62;0;649;0;135;1175;0;0;0;0;628;2044.2;149.6;110;0;825.8;1921.4;741.2
MULCHEN;0;68.8;1853.6;310.6;985.4;0;183.1333333;0;0;773;3498.4;1416.2;26.13333333;0;26.13333333;937.4;2153.2;479.4;389.2;0;3984.2;2331.8;1302
PUTRE;0;0;585.6;0;104;45.2;8.533333333;0;0;0;93.8;49;169.5333333;45.2;8.533333333;256.2;0;110.6;0;0;76.2;476.4;604.8
SAN PEDRO;0;0;270;92.8;263;523;0;1634;256;228.2;71.2;0;0;332;0;1305;442;523;0;0;709.6;707.8;1874.2
CALERA;0;0;367.2;0;2037;834.8;0;0;0;3249;4045.2;726;0;166.8;789;1207.6;1431.2;3685;1019.2;0;2867.2;4310;1418.4
CHAITEN;0;23.2;0;153.6;1007.6;0;0;0;0;0;0;0;0;0;0;45;388;593;0;0;80;773;113
VALPARAISO;0;786.2;1716.4;1587;20774;4665.6;1292.266667;0;0;15476.2;3428;11107;1292.266667;4665.6;4638.266667;7908.2;3490.8;4911;5417.6;0;32327;10951.2;9844
SAAVEDRA;0;833;170.6;76;1561.4;271.4;0;159;0;527;292.2;126;0;16.4;0;573.2;1213.4;469;448;0;151;1419;2065.2
SAN NICOLAS;0;89.4;116;159;922;267.4;0;577;0;312;1168;0;0;200.4;0;766.6;1021.2;694;366.6;0;1123.2;2377.2;1408.4
HUALQUI;0;41.6;1813.6;188.6;1424;457.4;0;368;0;3810.8;1280;419;0;56.4;0;959.4;550.4;1297;1925.8;0;1924.2;1391.6;1331.4
MAULE;250;514.6;1479;1662;985;147;0;0;0;899.6;6365.6;608.6;0;0;0;405;2424.8;566.4;962;0;3314.2;3304;3179
MARIA PINTO;0;0;0;416.6;204;143;0;0;0;513;85.6;0;0;80;0;2575.2;1076.8;1018;0;0;1947;493.8;3387.8
COMBARBALA;0;163.2;681.2;0;242.4;344.6;0;161;0;518.2;250.8;219;0;147.6;0;538.8;75.6;430.2;68;0;668.4;2177.2;472.6
ÑUÑOA;2409;0;3087;7930.6;38658;2640;0;2953;7786.2;21714;5121;0;0;1546;0;3564.8;2414.2;10702;3042.4;0;21523.8;26146.4;15550
POZO ALMONTE;0;0;285.6;60.8;318.4;45.2;23.73333333;0;0;107;1870.4;335;23.73333333;7.2;23.73333333;44;655.2;677.6;103;0;629.8;1322.6;1158.4
FREIRE;0;74;376;825.6;1006.2;802;0;0;0;677;1737;360;0;924;0;415.4;1985.2;1099;1932.8;0;1558.2;1890.4;2682.2
REQUINOA;0;0;928.6;0;350.6;552;0;219;0;882.2;1036.8;736;0;26;0;1213.2;1479.6;2050.6;0;0;3195.2;3978.2;4800.8
SANTA MARIA;0;0;0;0;389.8;0;40.53333333;0;0;465;461.6;0;40.53333333;0;40.53333333;1429.4;414.6;538;162;0;806.2;2447;1363.4
SALAMANCA;0;0;0;490.4;953.2;0;0;244;0;1125;1253.6;1731;0;0;0;3254;615.6;892.8;0;0;821;3590.2;1065.2
LIMACHE;0;667.4;0;324;2503;446.8;433.3333333;426;0;1200;981;0;433.3333333;446.8;607.3333333;776.2;804.4;1668;683.4;0;5238.4;5064.4;4143.6
PEUMO;0;901;257.4;0;989.8;49.2;0;0;0;129.8;334.8;273;0;11.2;0;1113.6;1933.8;651.2;0;0;1050.2;3084.8;1138.2
LA ESTRELLA;0;0;0;169;172;23.6;0;413;0;118;216.2;36.8;0;23.6;0;127;634.4;39;0;0;91.8;481.6;1414
LOS ANDES;0;0;737;0;1051.6;4902.4;0;922;0;2834;1909;0;0;2424.4;977;1255.6;1055.2;1717.6;689;0;5138.8;6589;4606.6
PEDRO AGUIRRE CERDA;705;0;2808;1359.4;6245;1664;313.0666667;2486;1941;11001;2457;0;1754.066667;2111;313.0666667;1799.6;4168.2;10931.2;964.8;0;8551.6;5959.8;1856.4
COBQUECURA;0;19;0;417;0;793.6;0;0;0;20;837;35;0;180.6;0;28.8;925.6;777.8;30.4;0;229.8;342.8;1545.6
CALBUCO;0;2464;0;254.4;738.8;603;0;0;0;1185;1134;483.4;0;839;0;701;1941;2693.8;0;0;4463.6;3657.4;2453.8
PELARCO;60.8;127;176.2;478.6;122;45;0;0;0;188.4;1271.6;304.8;0;0;0;412.8;791;72.6;102.8;0;1300.2;1911.6;1471.4
LA LIGUA;0;0;1859.4;0;521.2;496.4;74.13333333;1148;0;4199;2122.4;0;74.13333333;496.4;74.13333333;426.8;923.2;1487;0;0;2558;4176.8;1591.4
PUMANQUE;0;0;67.4;333.4;44;18;0;0;0;107;494;442.6;0;18;0;0;459.4;221.8;58;0;815.6;362;380.2
PERQUENCO;0;0;967;42.6;525.6;57;0;0;0;68;251.8;342.2;0;10;0;869.2;372;301;182.2;0;510.4;1017;392.8
PUNTA ARENAS;0;0;0;3940;8336;0;0;14518;0;6691;3115;943;0;0;0;2488.8;1968.2;8013;3683.4;0;11189;9287.6;5643.6
PUCON;0;166;794;729;2747;334.4;0;626;0;1247;636.8;2172.2;0;445.4;0;721;950;480;794.6;0;3318.2;5996.4;1154.8
TREHUACO;0;42;0;86;259;609.2;0;734;0;0;697.8;117;0;212.2;0;254.8;921.4;260.8;68.6;0;89;539.6;1281.6
MARIQUINA;0;0;0;168;265;62;0;0;0;305;2346.8;185;0;0;0;3508.2;1163.4;2138;0;0;1332.6;3878;2129.8
CURICO;0;1640.4;4301.4;3107.4;7101.2;5345.6;0;1368;2509.6;3648.2;8837;2395.8;0;553.6;0;2967;10381.6;6455.8;4260.2;0;10048;7683.4;16755
O'HIGGINS;0;0;0;0;0;0;0;0;0;0;223;0;0;0;0;9;0;95;0;0;0;222;149.6
NATALES;0;0;0;0;1565.4;0;0;2113;0;994;2094;1304;0;0;0;0;591.4;2528.6;0;0;1562.2;1449.6;747.8
CERRO NAVIA;718;0;1304.4;944.8;9434.4;1508.2;203.7333333;0;2719.8;8903;2611.6;3805;1206.733333;831.2;203.7333333;1655.4;1198.4;3464;3470.4;0;6147;11089.8;2477.8
GORBEA;0;119;1169;65.6;148.8;107.2;0;0;0;127;1301.2;205;0;160.2;0;88.8;1328.8;812;65.6;0;2897.8;1700.2;2106.6
NANCAGUA;0;0;238;131.2;185;427.8;0;165;541;342;1713;291;0;164.8;0;1614;1454.6;1941;177;0;2061.8;1271.6;1676.4
CHIMBARONGO;0;0;346.8;393;2597;964;0;0;0;685;1570;388;0;164;0;237;3222.6;2368.8;309;0;3041.8;7909.6;4408
HUASCO;0;0;0;0;321.6;599.2;0;0;0;412.8;258.4;218;0;299.2;67;218.4;339.8;801.8;0;0;530;363.4;887.4
IQUIQUE;3955.4;0;5141;735.2;5046.6;5470.8;635.2;0;0;3591;3306;6280;903.2;2727.8;1732.2;4561.2;4967;3235.2;3495.2;0;16779.2;8036;7555.2
MARIA ELENA;0;0;0;0;49.2;148.4;0;0;0;58.4;68.8;210;0;102.4;0;28;115.2;287.4;0;0;30.4;860.6;565.4
SAN PEDRO DE ATACAMA;231.4;0;320.2;68;0;345.6;0;0;0;101;1725.6;297.6;0;241.6;0;18;543.2;195.6;67;0;242.2;433.4;63.4
RIO NEGRO;0;0;0;599;183.4;57.2;0;0;0;101;847;141.6;0;57.2;0;1043;0;990;155;0;1268;2919.4;3138.8
PUDAHUEL;2013;0;7771.2;974;10146;4625.6;0;2724;5314;16822;3970;3398;8670;814.6;0;6876;4920;15552;4241.4;0;21973;11217;7933.6
BULNES;0;252.8;101.2;75;505;56;0;0;156.8;1259.2;1472.6;245;0;164;0;2989.4;1530.6;1769.2;375.2;0;1255;2335.4;3460
ANTUCO;0;12;562.8;167.6;63.2;0;55.93333333;83;0;45;768.8;49;2.933333333;0;2.933333333;273.2;501.4;244;241.4;0;159;622.6;168.4
CORONEL;0;184;1817.8;487.4;5301.8;4040.4;0;0;0;7088.4;3391;3228;0;1188.4;0;5099.2;5457.8;5817;7756.4;0;9442.6;5195.2;6553
TIMAUKEL;0;0;0;0;0;0;0;31;0;20.8;0;0;0;0;0;86;83.6;13.6;0;0;36;231.2;166
VIÑA DEL MAR;0;1583.8;2224;3818.2;27817.4;1878.2;1697.866667;0;0;14377.6;9246;6438;1697.866667;1511.2;3558.866667;6332;2188.2;7080.2;8056;0;40508.2;17077.4;19607
MALLOA;0;0;395.4;0;159.2;72.4;0;0;0;488;626.6;322;0;12.4;0;1285.2;104.8;634.8;0;0;1141;2946.8;3770
HUALAÑE;0;23.2;287.2;51.4;295;79.2;0;0;0;50.4;525;0;0;15.2;0;1123;2341.2;976;79.6;0;287.2;1584;1218
QUEILEN;0;0;0;0;68;386.4;0;0;0;173.6;694;0;0;20.4;0;96;453;460.2;62;0;496.6;916;1041
PICHIDEGUA;0;136;461.4;0;3754.4;618.6;0;0;0;383;2463.8;421;0;13.6;0;709.6;1658;1170.2;0;0;3099.6;1086.8;2313
CORRAL;0;0;0;59.2;654;365;0;714;0;63.4;355;63;0;0;0;426.8;377.4;1041;0;0;212;366.6;189
CAÑETE;0;52;443;0;943.8;195;0;0;0;1492;1248;301;0;0;0;0;1644.4;2316.8;1006;0;2443.6;5788.2;7113.8
CURACO DE VELEZ;0;0;0;0;28;6.8;0;257;0;47.8;956;0;0;53.8;0;378;0;392.6;23;0;56;759.6;262.8
PUCHUNCAVI;0;0;307;417;1806.8;234.2;132;0;0;596;987.6;447;132;175.2;132;623.2;511.6;618.2;233.4;0;1637;1585.4;1540.8
COELEMU;0;1206;0;621;0;159.6;0;916;0;651;1020.6;155;0;15.6;0;1185.6;2568.8;585.2;197;0;1003.4;2103.4;1727.6
LOS LAGOS;0;513;0;133.4;245.4;51;0;0;0;3157;1058.2;380;0;0;0;925.8;71.2;1290;0;0;2004.6;3065;4410.6
LA CISTERNA;2607;0;1128;860;3989.4;1388.8;250.1333333;0;2872.4;4208.6;1686.4;0;250.1333333;292.8;250.1333333;2274.2;2491.4;3331;1684.8;0;7581.8;9290.6;2421.2
CODEGUA;0;0;1057.4;0;914.4;116.2;0;0;85.6;375.4;361;348;0;13.2;0;1338;1681.2;1014.6;128.8;0;1608.4;923.4;1257.8
EL CARMEN;0;64.6;224.4;52;131;36.6;0;0;96;106.8;1126;260.4;0;46.6;0;388.2;910.6;2555.4;389.8;0;850.2;1273;3326
COQUIMBO;1570.4;3002.8;3659.8;2064.8;7041.2;4843;436;2512;0;8863.8;5467;7615.6;436;1846;436;1938.2;3350.4;10801.8;5424;0;14583.4;9819;10880.6
NINHUE;0;53;0;52;0;219.6;0;0;0;0;1073.2;64;0;258.6;0;115.2;811.6;375.8;145.8;0;328.2;757.8;834.8
LONCOCHE;0;2256;227;166.8;690.6;1082.2;0;431;0;853;448.4;255;0;1432.2;0;799.4;72;121;122.4;0;2933.6;6029.8;2277.4
PAINE;139;0;0;848.8;3448;3805;0;0;1768;3265;2939.4;884;556;197;0;208;631.2;3567;1429.2;0;14765;2690.4;13031
CARTAGENA;0;0;183;0;1318.6;30.4;69.86666667;0;0;886.6;1181.4;447;69.86666667;200.4;189.8666667;981;1683.4;470.4;570;0;1427.2;2030.4;1533
SANTA CRUZ;0;209;1580.8;456;447;1757;0;0;749.6;3199;2463;500;0;160;0;0;575.4;2603.4;301;0;4151.4;4658.4;6186.8
CONSTITUCION;170.2;176.2;838.2;2027;1640;508;0;0;0;2408.8;1522.2;1337;0;0;0;383.6;7278.8;1804.2;353;0;3407.8;2235;10111.4
OSORNO;0;2253;0;0;7383.4;4037;0;0;0;4659;13327;6316.4;0;4005;0;3879;3957;9188;8400.4;0;18600.2;11992.2;11544.2
ALHUE;0;0;0;191;87;138.4;0;0;19;355.4;514.8;0;0;106.4;0;1104.4;279.2;529;0;0;352.8;170;678
PRIMAVERA;0;0;0;0;0;0;0;252;0;34.2;43;0;0;0;0;137;100.4;105.4;0;0;48;88.8;0
SAN JOSE DE MAIPO;202;0;284.2;86;2006.4;242.6;39.46666667;0;529;1777.8;394;218;183.4666667;221.6;39.46666667;630;1177.6;1015;198;0;1745.2;1226.8;1008
FUTALEUFU;0;19.2;0;68;543.8;0;0;219;0;0;130;0;0;0;0;0;0;388;0;0;145.6;466.6;533
PUERTO OCTAY;0;0;0;0;161.2;70.8;0;84;0;122;440;685.2;0;70.8;0;590;949;1194;339.4;0;840.8;682.6;1210.8
MAULLIN;0;97;0;61.6;211.2;792.6;0;1197;0;82;1471;148;0;64.6;0;765;0;1537;0;0;1055.8;1941.8;2869.4
PETORCA;0;0;125;0;182;749;0;0;0;727.4;684.2;0;0;486;0;616;456.8;424;0;0;648.2;1049.8;47
SAN IGNACIO;0;137;93.8;76;1464;56.2;0;339;444;228.2;369.8;271;0;78.2;0;980;1274.4;542.2;341.6;0;1027;952.6;5520
TOLTEN;0;0;116.4;100.2;89.6;39.4;0;0;0;63;408.4;114;0;8.4;0;55.2;1911.2;213;50.4;0;1596.2;1279.6;1928.6
CERRILLOS;232;0;0;309;3966.2;698.4;302.6666667;0;3263.4;2779;1936;3616;302.6666667;1134.4;302.6666667;1241.4;2762.4;1196;477.6;0;6551;6225.4;2183
CHILLAN;0;2632.2;4460.2;2941;6975;782.4;0;0;5760.6;5316;3889;5507.8;0;4158.4;0;7651.6;7526;11444.4;7465.2;0;17732;8769.4;19829
COPIAPO;0;3139.2;1356;0;5262.8;7205.4;2671.2;0;0;7140.6;1180;2066;955.2;1042.4;1473.2;3696.8;5162.2;5183.8;4583.8;0;9817.6;9018;4656.2
QUILACO;0;10.4;189;51.2;50.4;0;35.6;0;0;35;836.8;43;5.6;0;5.6;259.6;369.8;423.8;42.6;0;463.6;539.6;685.2
ISLA DE MAIPO;0;0;156;1876.6;3184;0;0;0;1128.8;990;1150.4;489;0;210;0;65.6;820.6;2920;0;0;2687.2;2056.4;4755.2
QUINTERO;0;0;2095.4;925.4;1249.6;200.8;257.3333333;0;0;799;918.8;1071;257.3333333;200.8;257.3333333;1749;1502.4;525.6;299.6;0;2575.8;1604.8;975.4
RECOLETA;561;0;6177;1906;5224.2;1655;192;0;3922.4;22568;4215.8;5193.2;1506;1153;192;2001;1597.2;5858.2;3805.6;0;10799.6;10089.6;8134.8
PORTEZUELO;0;89;66;45;0;149.4;0;315;0;54;704.4;72;0;4.4;0;190.6;983.8;218.6;91.2;0;150;673.6;1583.4
SAN RAFAEL;75.2;44.8;944.8;195.2;196;523;0;0;0;164.2;2069.8;156;0;0;0;452.4;650.4;82.8;960.4;0;746.4;1169.2;691.8
SAN GREGORIO;0;0;0;23;85;0;0;30;0;3;12;0;0;0;0;4.8;2.6;54;5.4;0;125.2;63.4;77.2
ALTO HOSPICIO;1648;0;1459;593.2;1399.6;962.2;86.93333333;0;0;1213;4832.8;3591;250.9333333;749.2;259.9333333;1871;2226;1200.2;3399.6;0;5303;6119.8;1497.2
LLAY-LLAY;0;0;0;0;687.2;0;60;189;0;1535;805.6;0;60;0;60;1066.6;1080.8;1806;237;0;3421.8;3069.6;462.8
EMPEDRADO;13.2;18.8;394.2;55.4;54;18;0;697;0;26;73.2;45.6;0;0;0;382.2;728.6;26.4;55.2;0;83;776.2;1258.2
LA HIGUERA;105.4;36.6;167.8;29;145.8;17.6;27.73333333;101;0;280;182.6;59.4;27.73333333;11.6;27.73333333;63.4;11;607.6;37.8;0;122;382;741
CABRERO;0;65.6;3353.6;1089.2;549;0;194.2;0;0;208;2366.8;1346.2;23.2;0;23.2;746.8;1991.2;2318.6;1454.6;0;3782.8;1111.2;1783.2
EL BOSQUE;1504;0;2830.2;1379.2;3980;2575.4;434.6666667;0;4005;6484.6;2947;2144;434.6666667;374.4;434.6666667;2041.8;2269;12553.4;3238;0;15318;9368.2;3971
