Distrito;AH;AMARILLOS;DEMOCRATAS;EVOPOLI;FA;FREVS;IGUALDAD;IND;PAVP;PCCH;PDC;PDG;PH;PL;POPULAR;PPD;PR;PS;PSC;PTR;REPUBLICANO;RN;UDI;Votos Blancos;Votos Nulos
1;0.02047298947555397;0.0;0.049358319641191875;0.0027199253963319857;0.023327523424663613;0.02999550379679381;0.005099397545776159;0.0;0.0;0.04600143212398418;0.03943059194458013;0.048639482215018424;0.04036128750536583;0.03332602469026155;0.010018854448835797;0.015184399840134994;0.02996219858785914;0.04302616679248633;0.023373318086948796;0.0;0.1487882454815933;0.07920672543185753;0.050879257515875465;0.10378735734268837;0.15704099871219854
2;0.02859469869779148;0.0;0.03921220416065777;0.007493388936687906;0.03589416991478848;0.03518688054770529;0.0038062306103543225;0.0005613407675263346;0.0;0.02654121210822242;0.05735269652795426;0.05597077762026216;0.006010768897366836;0.018494647360626743;0.010287164926340185;0.034243828058261046;0.043246713349806135;0.027360769628810865;0.03731078988810947;0.0;0.12006058397810976;0.09274676284985563;0.059126533353337486;0.11037490418933718;0.15012293362808826
3;0.011853114803165176;0.0;0.034113581883339524;0.03625202767526196;0.041617116117980635;0.05302287297867166;0.0023914319640902164;0.0;0.0;0.05351619601439883;0.04392231899240239;0.05670168387239876;0.0022097095023922335;0.012621693920581939;0.0013411830310415815;0.019913574935127753;0.04634831385607046;0.03904093298449747;0.03847011066363439;0.0;0.10209167898192664;0.06062849247856076;0.04072133127737528;0.1197951880961098;0.18342744597097252
4;0.0;0.022018471216458606;0.010924434530998646;0.0;0.039428903290795736;0.08741089462566747;0.015449899694887437;0.0007092453732018316;0.0;0.07601979719693894;0.01976430439989104;0.027126065795357007;0.006034410392671816;0.014415155237365923;0.012967540888681028;0.03676871919536626;0.04704866553941194;0.08067717514763095;0.025222410098009487;0.0;0.08019920543960364;0.10811058060470877;0.054435096339163186;0.10137583323482702;0.13389319175836317
5;0.00881268872874211;0.01327151827578571;0.029276346170751543;0.012541176758596721;0.04825817813730642;0.02167582406373296;0.0018476762540836748;0.006808236946675424;0.0;0.07441508694921622;0.06110573483150402;0.04152375427438957;0.0018476762540836748;0.011846443563220906;0.0018476762540836748;0.02942656877840088;0.033156169568312154;0.059037113886169834;0.029423601418249783;0.0;0.08843586366315417;0.09156902506269475;0.06179638790667208;0.12267623244667375;0.14940101980749992
6;0.0;0.008742397102759765;0.013204048129345027;0.004917796100275988;0.05209170989403399;0.026986186799748287;0.005994501716631714;0.014029480891950566;0.0;0.059899671092366796;0.04819491947572653;0.01641920940222562;0.005994501716631714;0.017556983621343218;0.01368080505483136;0.03918907414629545;0.04230817460290069;0.04984952389498425;0.023700274147215792;0.0;0.12725124562693202;0.13121677417425087;0.05924766549207873;0.09565672811107623;0.14386832880639547
7;0.0;0.004186902903800951;0.007732239489864264;0.016920045986590006;0.09948174573539423;0.012497503230076236;0.00606363523768994;0.0010938230142203127;0.0;0.06107306338865449;0.04495351789129332;0.03319208237821976;0.00606363523768994;0.011739651099606622;0.018365692392013484;0.02788957204673155;0.030782603519686206;0.03289016881693146;0.025933270352855337;0.0;0.14784897326377455;0.07889977052728406;0.07057567000111375;0.10096001762389731;0.16085641586261212
8;0.005105844139796666;0.0;0.02084331541077839;0.015227901202054212;0.13242920148175524;0.018373108569223886;0.003280576325038942;0.002511887201879378;0.03230578335286408;0.06916929566461547;0.03827179209688728;0.031772422281804234;0.021848623570649497;0.025758462680770117;0.003280576325038942;0.023436165790456966;0.026344938547288213;0.03792820576376678;0.012243329205871102;0.0;0.13131286864526656;0.0735593810503377;0.0548972763544365;0.08712578505696376;0.13297325928245599
9;0.005176030066837946;0.0;0.028242396545600526;0.015340814007167273;0.07026733813098907;0.020582363441939876;0.0010963574234399362;0.0;0.02811736375179189;0.09410355718298387;0.030642316393573753;0.0326605859233276;0.01748029436760024;0.00759997368305388;0.0010963574234399362;0.043229132968554254;0.027181801777158256;0.054042558651436694;0.024837300394563097;0.0;0.0940238419519967;0.08526717842752972;0.0643891588377847;0.09566100715826395;0.15896227149096695
10;0.009009689146959697;0.0;0.013017486547215336;0.03219111398352108;0.10741979277627682;0.021708175269568447;0.0023797751694317006;0.003221642455072652;0.03981984985596978;0.09948252981737553;0.03746902182949143;0.014153407347832212;0.009200536642209968;0.016964625863995848;0.0023797751694317006;0.022702706005106623;0.014192464171364758;0.05167021378265117;0.013693889636326423;0.0;0.1217056442128479;0.10444689210236116;0.07770431409890234;0.07269260359767893;0.11277385051840841
11;0.022559755243642846;0.0;0.010390820352348049;0.08384603956509164;0.07594201104987856;0.011443328728487573;0.002231107605992935;0.004382532797486122;0.025466849926490787;0.028364604546100656;0.0309754440981162;0.0024561447546350796;0.007883305249903608;0.007348294752548159;0.002231107605992935;0.022359235761000625;0.00950351434473181;0.031140354589663296;0.014392161818930618;0.0;0.19359119885841078;0.13572746395976068;0.12387842623436963;0.06653919426193215;0.08734710389448531
12;0.01455768193913815;0.0;0.025722219967650114;0.01898741369014836;0.06058542863602897;0.017545930465131112;0.0035177508903949436;0.01157291189583104;0.04590484030865737;0.0945235928088168;0.025302483056890587;0.024172903779371445;0.023905137912176043;0.01675167691852814;0.0035177508903949436;0.024943735542556338;0.019135597052565675;0.04316797013142867;0.032861225933247924;0.0;0.09405515714045534;0.11201595464058578;0.04111752053754153;0.09628787922708117;0.14984723663537966
13;0.012606058121122182;0.0;0.026343833130034314;0.01681288631085731;0.08676635342292159;0.026037081286581013;0.0033849002923633602;0.010094717224533619;0.0320548083541283;0.09872284173692916;0.031790196924812775;0.007231067280018497;0.012175542538849856;0.00796226041181435;0.0033849002923633602;0.0209570733444417;0.0339321448217973;0.07743282115646205;0.026589462390819316;0.0;0.10379829395862115;0.0872431854964084;0.04332679967092513;0.09186420460347959;0.13948856722971575
14;0.004381967057774864;0.0;0.010810791989747307;0.019977880007371673;0.06994906731177923;0.020301447698055884;0.0;0.012195343361030163;0.028153622279364014;0.05369955260113853;0.037248087879094616;0.029785637026688988;0.010644655773469788;0.013261798593661903;0.0;0.027773349413064127;0.033560261808790647;0.08208223394516062;0.023044684921919707;0.0;0.13024606813027367;0.06345607599687327;0.11691488030855574;0.09092351590990543;0.12158907798627983
15;0.0;0.003513132917464994;0.019951895805454256;0.004327100088018108;0.05939514226079593;0.028900895490411003;0.0;0.0037935931083550567;0.026873147223043455;0.04945040346201746;0.04167722785555921;0.03016022500920458;0.0;0.004479771650577812;0.0;0.05255317883702226;0.061454943121408055;0.06264004558216155;0.016593121429140784;0.0;0.137665887985465;0.09611897922612388;0.0811145698858295;0.08256916717662624;0.13676757188532088
16;0.0;0.0064981396162835615;0.03427548591068708;0.016560677090614616;0.0512912916644661;0.03813035837628319;0.0;0.017503554560037115;0.00861948447747191;0.0356745276033722;0.07151112036211467;0.016026328079936956;0.0;0.006437041570489023;0.0;0.024252299720088105;0.0679985005089778;0.08931343401048608;0.01051870169759367;0.0;0.09845380521735889;0.10983046845632163;0.13080159600522337;0.08146751292637894;0.08483567214581515
17;0.00644928039261078;0.01107924303565982;0.03416309341813431;0.041449159460750694;0.03929186072042093;0.028778327502951832;0.0;0.0034504843713632095;0.007069331020655476;0.037032476643660286;0.06426161990268284;0.021784068468163977;0.0;0.0012514091702786553;0.0;0.02699764512687008;0.0894041388850585;0.04691088201416567;0.025466993297862082;0.0;0.09095395134644275;0.11400324976889448;0.1077063121091113;0.0880195476143285;0.1144769257299337
18;0.0;0.005825433964802367;0.01801380327569557;0.014377411249213264;0.052900345442228505;0.008789198564420892;0.0;0.00836280082060546;0.0016575461590571685;0.04527923647178087;0.054879191309653644;0.010162679747668624;0.0;0.0;0.0;0.06681592589567549;0.044843830324927086;0.043571843815911476;0.023972561605465577;0.0;0.10862212271606954;0.18900530414770897;0.14570311186274557;0.0699442439907946;0.08727340863557526
19;0.0;0.013967687136362584;0.020178647947763063;0.025126318161785764;0.028951499318442077;0.012079290011503877;0.0;0.012955485353370452;0.01747595584847313;0.03947761320901531;0.04906824689876979;0.022757103394101766;0.0;0.01386873373208213;0.0;0.04419860602116208;0.08301231599352923;0.07103067163206421;0.030288460071429532;0.0;0.092372349018683;0.09427033634131339;0.14483901327326962;0.0877263341163875;0.09635533252049142
20;0.0;0.012152724994920781;0.03034766951923323;0.022205476483819615;0.05106316135411735;0.04732046469182775;0.0266023186332775;0.008851835926509856;0.0;0.051201904863937255;0.05755177304553828;0.031648962994813644;0.0004738995709326797;0.010782662997081801;0.0004738995709326797;0.026644786211935417;0.03821913174070262;0.04689023916485577;0.08605355065151539;0.0;0.11316668669399069;0.050595294109698576;0.07656783785492399;0.08091642139227061;0.13026929753316452
21;0.0;0.004525374536595775;0.061778040028386064;0.012565710844357047;0.0345656406668581;0.009906126853706407;0.010735486445836695;0.006643589249666477;0.0;0.04462286397237584;0.0753860299514701;0.03513350553077462;0.0006134563683335254;0.0076808556498973455;0.0006134563683335254;0.02559974907963642;0.07543937917260728;0.05456121518784296;0.0372685485216537;0.0;0.112300826590684;0.10811882053107179;0.09777730674513177;0.08526387097651988;0.09890014672826053
22;0.0;0.021181118909322734;0.04467953076763601;0.05302037024326976;0.04676474063654445;0.00794813792244604;0.0;0.009212566166673859;0.0;0.011161922525290333;0.06374572185267394;0.014459908001701;0.0;0.01845202000725967;0.0;0.07784830681949242;0.04777656626007314;0.04441772973217754;0.04266861578716849;0.0;0.0994461846744504;0.13953004591424104;0.07917004826337466;0.08807128346896277;0.09044518204724164
23;0.0;0.028513629544991363;0.02282259708064802;0.022567345888751908;0.05615492811872522;0.029628850066652633;0.0;0.020049246106918175;0.0;0.027006845676599413;0.042783307106607465;0.026722862020694058;0.0;0.018217718575537983;0.0;0.04884184783153421;0.049675423386221114;0.03982453151049236;0.039388198975654244;0.0;0.11217020309842873;0.1261973252080598;0.09030914126683438;0.09199399959239993;0.10713199894424899
24;0.0;0.01673104951111488;0.0;0.023404225212604882;0.07623041983274609;0.017311202614933987;0.0;0.003311117714479772;0.0;0.04240777688160631;0.06411342700683448;0.010572936565210623;0.0;0.0;0.0;0.08347469258960534;0.03582799167975548;0.09507379264479064;0.013281827057774758;0.0;0.12308471650323327;0.1387720564305019;0.07150655856008829;0.08238457075745353;0.10251163843726563
25;0.0;0.01793207599718849;0.0;0.01363317965269095;0.05478661879977839;0.017153568798247792;0.0;0.03207065508049477;0.0;0.023613317815209884;0.09500849035029223;0.03934612598131223;0.0;0.02028380398905408;0.0;0.031254332959785934;0.02712890506593902;0.07836152145636667;0.03321830794431483;0.0;0.11830728405428784;0.09933259664263519;0.10033799337218467;0.09082483948165947;0.10740638255855761
26;0.0;0.02239369206125783;0.0;0.008583247767750518;0.06318948155218165;0.026450797249830422;0.0;0.004474280054901487;0.0;0.03042646917660054;0.05788813071539803;0.022050216571532298;0.0;0.0279088620770759;0.0;0.0382577103423427;0.02893974348067598;0.084074611065188;0.02128456193681962;0.0;0.11191796258528315;0.12290599371553589;0.10258316314994775;0.11232558382871902;0.11434549266895924
27;0.0;0.0;0.025235578670693176;0.021926758567979942;0.0;0.021472378342607353;0.0;0.0;0.0;0.058079113422624874;0.09050089011921074;0.0;0.0;0.0;0.0;0.05855213488801276;0.06548900632870099;0.08426539533409763;0.02063119238691758;0.0;0.07695569909310368;0.15277661270027681;0.15692661875867983;0.0791553654149074;0.08803325597218727
28;0.0;0.0;0.0;0.03338435228854043;0.07384233550007023;0.0;0.0;0.13582529796855744;0.0;0.05830786005650216;0.046116887949921304;0.016674075758080373;0.0;0.0;0.0;0.026384570941205603;0.02648303704207833;0.08114620333539435;0.026826220364237693;0.0;0.10056140157806406;0.08435938389181472;0.05209725554704435;0.10344008699769618;0.13455103078079272
